Afghanistan,AFG,2007,505356,212500,2856,250050,0,0,1.0,1.0
Afghanistan,AFG,2008,687174,213418,2856,347055,0,0,1.3597820150547337,1.3597820150547337
Afghanistan,AFG,2009,845824,229184,2940,500242,0,0,1.6737191207782236,1.6737191207782236
Afghanistan,AFG,2010,1092239,251219,2520,725042,0,0,2.161325877203397,2.161325877203397
Afghanistan,AFG,2011,1821830,210700,2730,1479761,0,0,3.605042781722192,3.605042781722192
Albania,ALB,2007,769563,71429,104434,579016,1900,0,1.0,1.0
Albania,ALB,2008,830889,108011,116478,598008,2000,0,1.0796893821558469,1.0796893821558469
Albania,ALB,2009,825644,97026,139818,580208,2200,0,1.0728738257946393,1.0728738257946393
Albania,ALB,2010,1026938,103150,163488,747213,2700,0,1.3344430540449579,1.3344430540449579
Albania,ALB,2011,1181900,105000,163900,896615,4400,0,1.5358066850927086,1.5358066850927086
Algeria,DZA,2007,157350836,2198501,1070335,86566500,0,282,1.0,1.0
Algeria,DZA,2008,158091996,2710415,1121580,85705800,0,761,1.0047102387177658,1.0047102387177658
Algeria,DZA,2009,144841994,2609213,705780,77926600,0,1198,0.9205034919547551,0.9205034919547551
Algeria,DZA,2010,143280733,2754017,796110,74391400,0,873,0.9105813266858016,0.9105813266858016
Algeria,DZA,2011,140079840,2568840,8.00E+05,74389000,0,441,0.8902389307928431,0.8902389307928431
Angola,AGO,2007,83238402,9746709,0,82530230,0,0,1.0,1.0
Angola,AGO,2008,94056502,8956974,0,93479160,0,0,1.1299652532973903,1.1299652532973903
Angola,AGO,2009,89753402,13983000,0,89063070,0,0,1.0782691623512908,1.0782691623512908
Angola,AGO,2010,92786202,8347000,0,91973910,0,0,1.1147042683496013,1.1147042683496013
Angola,AGO,2011,86107401,10573519,0,85243150,0,0,1.034467252266568,1.034467252266568
Argentina,ARG,2007,76599843,4990495,55705,35204905,529270,297588,1.0,1.0
Argentina,ARG,2008,74657433,4378340,142083,34371983,608629,397646,0.974642115128095,0.974642115128095
Argentina,ARG,2009,71734350,3899661,151148,34002854,617605,461788,0.9364816844337396,0.9364816844337396
Argentina,ARG,2010,69683630,4133365,150468,32740100,619045,756789,0.9097098279953394,0.9097098279953394
Argentina,ARG,2011,66446167,4287500,151708,30404790,608256,702664,0.8674452113433183,0.8674452113433183
Armenia,ARM,2007,163064,137971,4273,0,20811,8753,1.0,1.0
Armenia,ARM,2008,240396,213480,4453,0,22458,4316,1.474243241917284,1.474243241917284
Armenia,ARM,2009,190906,159004,4359,0,27533,9918,1.1707427758426139,1.1707427758426139
Armenia,ARM,2010,188411,144227,4373,0,39791,20069,1.155442035029191,1.155442035029191
Armenia,ARM,2011,195411,149231,4636,0,41523,21148,1.198369965167051,1.198369965167051
Australia,AUS,2007,723639155,37686521,192835246,412963105,67424911,2126730,1.0,1.0
Australia,AUS,2008,759901102,32856889,218966687,423973899,69077967,2111700,1.0501105374819029,1.0501105374819029
Australia,AUS,2009,804017730,28118606,251780026,430236747,70843758,1926130,1.1110754917621892,1.1110754917621892
Australia,AUS,2010,850442322,28081445,277447405,444681519,73547046,2140780,1.1752298312271396,1.1752298312271396
Australia,AUS,2011,874128967,25299102,312562657,432630017,75045791,1983730,1.207962505843123,1.207962505843123
Austria,AUT,2007,5808983,2798209,690021,855387,0,0,1.0,1.0
Austria,AUT,2008,5725729,2977999,651577,863296,0,0,0.9856680592799119,0.9856680592799119
Austria,AUT,2009,5429779,2635835,641569,906734,0,0,0.9347211035046926,0.9347211035046926
Austria,AUT,2010,5789024,2879469,663010,877858,0,0,0.9965641145790924,0.9965641145790924
Austria,AUT,2011,5805620,2987719,706917,840966,0,0,0.9994210690580434,0.9994210690580434
Azerbaijan,AZE,2007,56163755,79663,7392,42614300,39200,0,1.0,1.0
Azerbaijan,AZE,2008,64224472,76125,11802,45378345,61600,0,1.1435216893884677,1.1435216893884677
Azerbaijan,AZE,2009,69581700,63100,28500,50623600,10100,353,1.2389075481153282,1.2389075481153282
Azerbaijan,AZE,2010,71943479,78900,24276,50826300,300,3592,1.2809592058080874,1.2809592058080874
Azerbaijan,AZE,2011,66447650,142441,900061,45651728,68002,2975,1.1831055455604775,1.1831055455604775
Bahamas,BHS,2007,578000,578000,0,0,0,0,1.0,1.0
Bahamas,BHS,2008,10244,10244,0,0,0,0,0.01772318339100346,0.01772318339100346
Bahamas,BHS,2009,10430,10430,0,0,0,0,0.018044982698961938,0.018044982698961938
Bahamas,BHS,2010,11833,11833,0,0,0,0,0.020472318339100345,0.020472318339100345
Bahamas,BHS,2011,8430,8430,0,0,0,0,0.01458477508650519,0.01458477508650519
Bahrain,BHR,2007,11890000,72000,0,1723650,865900,0,1.0,1.0
Bahrain,BHR,2008,12464200,80000,0,1652840,871700,0,1.0482926829268293,1.0482926829268293
Bahrain,BHR,2009,12545200,108500,0,1615180,850000,0,1.0551051303616485,1.0551051303616485
Bahrain,BHR,2010,12809500,138500,0,1599780,860000,0,1.0773338940285955,1.0773338940285955
Bahrain,BHR,2011,13243348,125648,0,2129050,881300,0,1.1138223717409588,1.1138223717409588
Bangladesh,BGD,2007,14565543,1119429,0,727632,0,0,1.0,1.0
Bangladesh,BGD,2008,16013617,1228273,0,1190359,0,0,1.0994177834633423,1.0994177834633423
Bangladesh,BGD,2009,17219755,1250000,0,1205034,0,0,1.1822254069072469,1.1822254069072469
Bangladesh,BGD,2010,17971755,968000,0,1088474,0,0,1.2338541034824448,1.2338541034824448
Bangladesh,BGD,2011,18850380,1400000,0,1381691,0,0,1.2941762624297632,1.2941762624297632
Barbados,BRB,2007,65800,0,0,49021,0,0,1.0,1.0
Barbados,BRB,2008,51119,0,0,39134,0,0,0.7768844984802432,0.7768844984802432
Barbados,BRB,2009,55670,0,0,42886,0,0,0.846048632218845,0.846048632218845
Barbados,BRB,2010,54544,0,0,38564,0,0,0.828936170212766,0.828936170212766
Barbados,BRB,2011,53730,0,0,40946,0,0,0.8165653495440729,0.8165653495440729
Belarus,BLR,2007,8597750,6636950,0,1800201,0,0,1.0,1.0
Belarus,BLR,2008,8735920,6833500,0,1740223,0,0,1.0160704835567445,1.0160704835567445
Belarus,BLR,2009,6458282,4574282,0,1720205,0,0,0.7511595475560466,0.7511595475560466
Belarus,BLR,2010,9505083,7634683,0,1700213,0,0,1.1055314471809485,1.1055314471809485
Belarus,BLR,2011,9740930,7882330,0,1681222,0,0,1.1329626937280102,1.1329626937280102
Benin,BEN,2007,15000,15000,0,0,0,19,1.0,1.0
Benin,BEN,2008,15000,15000,0,0,0,20,1.0,1.0
Benin,BEN,2009,15000,15000,0,0,0,20,1.0,1.0
Benin,BEN,2010,15000,15000,0,0,0,20,1.0,1.0
Benin,BEN,2011,15000,15000,0,0,0,20,1.0,1.0
Bhutan,BTN,2007,356473,251212,0,105261,0,0,1.0,1.0
Bhutan,BTN,2008,428226,304522,0,123704,0,0,1.20128593189386,1.20128593189386
Bhutan,BTN,2009,413228,364683,0,48545,0,0,1.1592126191885501,1.1592126191885501
Bhutan,BTN,2010,420986,333171,0,87815,0,0,1.1809758382822821,1.1809758382822821
Bhutan,BTN,2011,469700,360796,0,108904,0,0,1.3176313493588574,1.3176313493588574
Bolivia,BOL,2007,14008764,89376,1397,2114450,257457,533808,1.0,1.0
Bolivia,BOL,2008,14663500,103500,1449,2042975,487107,1122405,1.0467375994056292,1.0467375994056292
Bolivia,BOL,2009,14155153,91800,1292,2398816,539033,1332946,1.0104498155583177,1.0104498155583177
Bolivia,BOL,2010,15131535,107362,1521,2430418,511687,1265779,1.080147756076125,1.080147756076125
Bolivia,BOL,2011,16361959,158697,1421,2501851,554420,1220487,1.1679802015366951,1.1679802015366951
Bosnia Herzegovina,BIH,2007,13501875,599975,1295500,10609000,997400,0,1.0,1.0
Bosnia Herzegovina,BIH,2008,13943484,799724,749960,11244000,1149800,0,1.0327072351062352,1.0327072351062352
Bosnia Herzegovina,BIH,2009,13508463,703463,678500,11469000,657500,0,1.0004879322316345,1.0004879322316345
Bosnia Herzegovina,BIH,2010,13493124,776392,988015,10985000,743717,0,0.9993518677961394,0.9993518677961394
Bosnia Herzegovina,BIH,2011,16488659,1104948,1367490,13348646,826538,0,1.2212125352960237,1.2212125352960237
Botswana,BWA,2007,1104405,33824374,26774,828000,25245,5116,1.0,1.0
Botswana,BWA,2008,1133385,33129994,29277,910000,23100,6722,1.0262403737759247,1.0262403737759247
Botswana,BWA,2009,1033463,17975114,29958,738000,24382,5265,0.9357645066800675,0.9357645066800675
Botswana,BWA,2010,1410000,22382761,25281,988748,31200,5661,1.2767055563855652,1.2767055563855652
Botswana,BWA,2011,1232052,23351079,15749,740270,29500,4050,1.115579882380105,1.115579882380105
Brazil,BRA,2007,361530621,16419924,206851308,101955242,27545300,68613,1.0,1.0
Brazil,BRA,2008,369081696,16616929,205514427,105868919,30181803,72078,1.0208864050826831,1.0208864050826831
Brazil,BRA,2009,340687280,15182318,174448674,111761567,29999665,74920,0.9423469554464101,0.9423469554464101
Brazil,BRA,2010,394117996,17144131,217388186,117136255,30985121,76677,1.0901372473232358,1.0901372473232358
Brazil,BRA,2011,416539096,16960708,232621926,120018912,33639696,80447,1.1521544007748101,1.1521544007748101
Brunei,BRN,2007,19679000,0,0,9662736,0,0,1.0,1.0
Brunei,BRN,2008,18637000,0,0,8702234,0,0,0.9470501549875502,0.9470501549875502
Brunei,BRN,2009,17322150,0,0,8202364,0,0,0.8802352761827329,0.8802352761827329
Brunei,BRN,2010,18219930,0,0,8406612,0,0,0.92585649677321,0.92585649677321
Brunei,BRN,2011,18311210,0,0,8086407,0,0,0.9304949438487728,0.9304949438487728
Bulgaria,BGR,2007,30925339,2336832,8230,28198895,145618,58964,1.0,1.0
Bulgaria,BGR,2008,31324993,2116472,8195,28891118,134967,59160,1.0129231889745816,1.0129231889745816
Bulgaria,BGR,2009,29375131,1912384,8349,27308969,133385,59482,0.9498725624317328,0.9498725624317328
Bulgaria,BGR,2010,32111948,2524200,36900,29356474,135189,59489,1.0383701210195302,1.0383701210195302
Bulgaria,BGR,2011,40212390,2839800,41600,36836543,140430,60302,1.3003055520264466,1.3003055520264466
Burkina Faso,BFA,2007,651,650,0,0,0,753,1.0,1.0
Burkina Faso,BFA,2008,655,650,0,0,0,5482,1.0061443932411673,1.0061443932411673
Burkina Faso,BFA,2009,662,650,0,0,0,12149,1.0168970814132103,1.0168970814132103
Burkina Faso,BFA,2010,18672,650,18000,0,0,22338,28.682027649769584,28.682027649769584
Burkina Faso,BFA,2011,23054,650,22372,0,0,321794,35.41321044546851,35.41321044546851
Burundi,BDI,2007,141,0,139,0,0,2423,1.0,1.0
Burundi,BDI,2008,218,0,216,0,0,2168,1.5460992907801419,1.5460992907801419
Burundi,BDI,2009,104,0,103,0,0,980,0.7375886524822695,0.7375886524822695
Burundi,BDI,2010,174,0,174,0,0,293,1.2340425531914894,1.2340425531914894
Burundi,BDI,2011,179,0,178,0,0,1052,1.2695035460992907,1.2695035460992907
Cambodia,KHM,2007,76651,76651,0,0,0,0,1.0,1.0
Cambodia,KHM,2008,78000,78000,0,0,0,0,1.0175992485420935,1.0175992485420935
Cambodia,KHM,2009,30000,30000,0,0,0,0,0.3913843263623436,0.3913843263623436
Cambodia,KHM,2010,70000,70000,0,0,0,0,0.9132300948454685,0.9132300948454685
Cambodia,KHM,2011,1.00E+05,1.00E+05,0,0,0,0,1.3046144212078121,1.3046144212078121
Cameroon,CMR,2007,4287001,0,0,4200000,87000,600,1.0,1.0
Cameroon,CMR,2008,4389701,0,0,4300000,89700,600,1.0239561409012967,1.0239561409012967
Cameroon,CMR,2009,3779401,0,0,3700000,79400,600,0.8815955489630163,0.8815955489630163
Cameroon,CMR,2010,3424577,0,0,3348576,76000,600,0.7988281318338858,0.7988281318338858
Cameroon,CMR,2011,3216901,0,0,3147900,69000,600,0.7503849427606851,0.7503849427606851
Canada,CAN,2007,435052532,56710423,21853621,206502930,4386930,987377,1.0,1.0
Canada,CAN,2008,425598841,53637699,22047463,203549122,4580755,874920,0.9782700011960854,0.9782700011960854
Canada,CAN,2009,399226451,40108199,22175877,197813550,4285361,725758,0.9176511378170763,0.9176511378170763
Canada,CAN,2010,410463250,42128041,24478166,209956716,4200816,704217,0.943479740510969,0.943479740510969
Canada,CAN,2011,416125122,43581715,21821440,218327824,4221831,695587,0.9564939665722944,0.9564939665722944
Cape Verde,CPV,2007,1600,1600,0,0,0,0,1.0,1.0
Cape Verde,CPV,2008,1600,1600,0,0,0,0,1.0,1.0
Cape Verde,CPV,2009,1600,1600,0,0,0,0,1.0,1.0
Cape Verde,CPV,2010,1600,1600,0,0,0,0,1.0,1.0
Cape Verde,CPV,2011,1600,1600,0,0,0,0,1.0,1.0
Central African Republic,CAF,2007,0,467711,0,0,0,13
Central African Republic,CAF,2008,0,377209,0,0,0,37
Central African Republic,CAF,2009,0,311779,0,0,0,61
Central African Republic,CAF,2010,0,301558,0,0,0,60
Central African Republic,CAF,2011,0,323576,0,0,0,60
Chad,TCD,2007,7510825,0,0,7510825,0,0,1.0
Chad,TCD,2008,6624130,0,0,6624130,0,0,0.8819443935919157
Chad,TCD,2009,6154700,0,0,6154700,0,0,0.8194439359191567
Chad,TCD,2010,6363340,0,0,6363340,0,0,0.8472225088455663
Chad,TCD,2011,5971220,0,0,5971220,0,0,0.7950151947355983
Chile,CHL,2007,19454708,6357473,5431752,423201,5630319,1977994,1.0
Chile,CHL,2008,21737403,8474768,5721672,673796,5405151,1444182,1.1173338093792002
Chile,CHL,2009,23350022,10495912,5064445,831865,5447147,1341852,1.2002247476549122
Chile,CHL,2010,23396157,10036640,5606153,840429,5479801,1326182,1.2025961530751323
Chile,CHL,2011,27470931,12332935,7741889,904730,5339481,1336409,1.4120454030972862
China,CHN,2007,3225870848,150264300,229814000,2752816280,38650680,2827490,1.0
China,CHN,2008,3450557975,151466980,268018530,2924513239,44586483,3075285,1.0696516189230896
China,CHN,2009,3648652879,162472900,285656000,727284749,48520081,3213980,1.1310598132786747
China,CHN,2010,4003039688,175952600,348980000,3391572823,60056287,3425880,1.240917530992239
China,CHN,2011,4428140083,179280400,430578000,3674052958,63176600,3614360,1.372696022764021
Colombia,COL,2007,106438356,1042601,381269,98860900,1259,26773,1.0
Colombia,COL,2008,114268814,1091423,290873,105502140,1574,44853,1.073568009637428
Colombia,COL,2009,118147310,1063996,198348,108493700,1706,59594,1.1100069039021985
Colombia,COL,2010,126177259,785042,106672,116255600,1175,69903,1.185449153310861
Colombia,COL,2011,144250066,812765,154507,134524460,1213,81184,1.355245152414793
Congo,COG,2007,1430034,28452497,26247,1231000,172700,81300,1.0
Congo,COG,2008,1577092,33401928,33149,1276400,267500,37400,1.1028353172022483
Congo,COG,2009,1595866,21298460,36158,1230600,329100,3500,1.1159636763881138
Congo,COG,2010,1651452,20166220,70437,1184800,396200,10000,1.1548340808680073
Congo,COG,2011,1696386,19249057,75369,1128000,493000,12700,1.186255711402666
Congo Rep,COG,2007,11500000,22000,0,11500000,0,25,1.0
Congo Rep,COG,2008,12900000,110000,0,12900000,0,30,1.1217391304347826
Congo Rep,COG,2009,13900000,68000,0,13900000,0,35,1.208695652173913
Congo Rep,COG,2010,15100000,381242,0,15100000,0,35,1.3130434782608695
Congo Rep,COG,2011,15200000,76548,0,15200000,0,35,1.3217391304347825
Costa Rica,CRI,2007,38713,38712,0,0,0,1221,1.0
Costa Rica,CRI,2008,37059,37059,0,0,0,154,0.9572753338671764
Costa Rica,CRI,2009,36200,36200,0,0,0,205,0.9350864050835637
Costa Rica,CRI,2010,35000,35000,0,0,0,200,0.9040890656885284
Costa Rica,CRI,2011,30900,30900,0,0,0,500,0.7981814894221579
Cote Ivoire,CIV,2007,3794268,3.00E+05,40425,2713544,0,1243,1.0
Cote Ivoire,CIV,2008,4353822,3.00E+05,67600,3087718,0,4205,1.1474735047708806
Cote Ivoire,CIV,2009,4009607,3.00E+05,72600,2898300,0,6947,1.0567537664708977
Cote Ivoire,CIV,2010,3316905,3.00E+05,39300,2197352,0,5316,0.8741883809999715
Cote Ivoire,CIV,2011,3057212,0,19600,1985317,0,11694,0.8057448762185486
Croatia,HRV,2007,3638981,400981,0,840101,100,0,1.0
Croatia,HRV,2008,3364951,305741,0,783947,510,0,0.9246959519711699
Croatia,HRV,2009,3236530,254130,0,729519,500,0,0.8894055781000231
Croatia,HRV,2010,3137910,199760,0,672333,2250,0,0.8623045847175349
Croatia,HRV,2011,2896148,206718,0,630371,48304,0,0.7958678542152322
Cuba,CUB,2007,4186478,229201,77877,2906218,0,0,1.0
Cuba,CUB,2008,4274510,271982,70728,3004161,0,0,1.0210276991781635
Cuba,CUB,2009,4071670,347870,68500,2732455,0,0,0.9725764712008519
Cuba,CUB,2010,4338549,386228,69121,3025873,0,0,1.0363243279912135
Cuba,CUB,2011,4302494,416644,69850,3001020,0,0,1.0277120768340358
Cyprus,CYP,2007,487667,484655,0,0,3012,0,1.0
Cyprus,CYP,2008,440959,437973,0,0,2986,0,0.9042215282149499
Cyprus,CYP,2009,372732,370352,0,0,2380,0,0.7643166340966274
Cyprus,CYP,2010,405700,403105,0,0,2595,0,0.8319201422282008
Cyprus,CYP,2011,499285,495625,0,0,3660,0,1.0238236337500795
Czech Republic,CZE,2007,66948780,4541000,0,62273548,0,0,1.0
Czech Republic,CZE,2008,65063942,4625000,0,60305509,0,0,0.9718465668829216
Czech Republic,CZE,2009,60109337,3511000,0,56454517,0,0,0.8978406626677887
Czech Republic,CZE,2010,62559105,4101000,0,58297506,0,0,0.9344323376766537
Czech Republic,CZE,2011,62357897,4230000,0,57978484,0,0,0.9314269356364672
Denmark,DNK,2007,23118270,819010,0,15177773,0,0,1.0
Denmark,DNK,2008,22564118,771051,0,14045164,0,0,0.9760296942634549
Denmark,DNK,2009,20092034,737103,0,12910996,0,0,0.8690976444171644
Denmark,DNK,2010,19306854,823878,0,12164484,0,0,0.8351340303578079
Denmark,DNK,2011,17202991,839300,0,10947397,0,0,0.7441296861746143
Dominican Republic,DOM,2007,415600,386500,29100,0,2109,0,1.0
Dominican Republic,DOM,2008,480312,459400,18800,0,12937,2975,1.1557074109720886
Dominican Republic,DOM,2009,0,269160,0,0,425,179320,0.0
Dominican Republic,DOM,2010,0,233738,0,0,533,146516,0.0
Dominican Republic,DOM,2011,147024,121700,13528,0,11777,19049,0.35376323387872954
Ecuador,ECU,2007,27001179,107174,0,26674275,0,5036,1.0
Ecuador,ECU,2008,26506004,98000,0,26200260,0,4433,0.981660985988797
Ecuador,ECU,2009,26676805,1.00E+05,0,26340296,0,5492,0.9879866727301057
Ecuador,ECU,2010,26700006,95000,0,26341330,0,5953,0.9888459315054354
Ecuador,ECU,2011,27363806,105000,0,27066241,0,5749,1.0134300431844105
Egypt,EGY,2007,82754802,5748902,787600,31455700,258300,0,1.0
Egypt,EGY,2008,88937956,6088783,869973,34658900,259200,0,1.0747165584421312
Egypt,EGY,2009,92521478,5961578,854500,35362700,245400,0,1.1180194473790173
Egypt,EGY,2010,91894367,6523112,1050150,35061300,281100,4675,1.1104415064638786
Egypt,EGY,2011,91695675,5346369,1509300,35261300,3.00E+05,6305,1.1080405340103405
El Salvador,SLV,2007,32342,32342,0,0,0,0,1.0
El Salvador,SLV,2008,27482,27482,0,0,0,0,0.8497309999381609
El Salvador,SLV,2009,30000,30000,0,0,0,0,0.9275864201348092
El Salvador,SLV,2010,30000,30000,0,0,0,0,0.9275864201348092
El Salvador,SLV,2011,30000,30000,0,0,0,0,0.9275864201348092
Equatorial Guinea,GNQ,2007,17348600,0,0,17348600,0,0,1.0
Equatorial Guinea,GNQ,2008,17229600,0,0,17229600,0,0,0.9931406568829761
Equatorial Guinea,GNQ,2009,15212600,0,0,15212600,0,0,0.8768776731263618
Equatorial Guinea,GNQ,2010,13566400,0,0,13566400,0,0,0.7819881719562386
Equatorial Guinea,GNQ,2011,12473850,0,0,12473850,0,0,0.7190119087419158
Eritrea,ERI,2007,8505,8505,0,0,0,87,1.0
Eritrea,ERI,2008,8500,8500,0,0,0,32,0.9994121105232217
Eritrea,ERI,2009,8475,8475,0,0,0,30,0.9964726631393298
Eritrea,ERI,2010,8800,8800,0,0,0,30,1.0346854791299236
Eritrea,ERI,2011,9012,9000,0,0,0,117881339,1.0596119929453263
Estonia,EST,2007,16544000,0,0,16544000,0,0,1.0
Estonia,EST,2008,16117000,0,0,16117000,0,0,0.9741900386847195
Estonia,EST,2009,14939000,0,0,14939000,0,0,0.9029859767891683
Estonia,EST,2010,17993000,0,0,17993000,0,0,1.0875846228239845
Estonia,EST,2011,18734000,0,0,18734000,0,0,1.1323742746615086
Ethiopia,ETH,2007,44181,44060,117,0,0,4058,1.0
Ethiopia,ETH,2008,96738,96649,82,0,0,6889,2.1895837577239083
Ethiopia,ETH,2009,148275,148105,166,0,0,3969,3.3560806681605215
Ethiopia,ETH,2010,145706,145500,198,0,0,8412,3.297933500826147
Ethiopia,ETH,2011,148813,148600,200,0,0,13608,3.3682578483963694
Fiji,FJI,2007,0,0,0,0,0,29
Fiji,FJI,2008,1,0,0,0,0,965
Fiji,FJI,2009,1,0,0,0,0,1404
Fiji,FJI,2010,2,0,0,0,0,2231
Fiji,FJI,2011,2,0,0,0,0,16143
Finland,FIN,2007,1863001,1528972,281635,0,52345,49617,1.0
Finland,FIN,2008,1915415,1561036,313072,0,41233,74610,1.0281341770616335
Finland,FIN,2009,1516241,1345422,125036,0,45706,76636,0.813870201894685
Finland,FIN,2010,1767182,1385558,311240,0,70309,74217,0.9485673920733269
Finland,FIN,2011,2000868,1560186,365500,0,75100,83000,1.074002644120964
France,FRA,2007,15948257,13116402,0,1365105,587850,0,1.0
France,FRA,2008,12864906,10473900,0,1262931,389000,0,0.8066653302614825
France,FRA,2009,13477290,11378681,0,1052886,345000,0,0.8450635075670024
France,FRA,2010,15329008,13219000,0,1162748,356000,0,0.9611713681313262
France,FRA,2011,14988007,13125000,0,1049607,334000,0,0.9397896585187961
French Guiana,GUF,2007,3,0,0,0,0,2844,1.0
French Guiana,GUF,2008,2,0,0,0,0,1941,0.6666666666666666
French Guiana,GUF,2009,1,0,0,0,0,1250,0.3333333333333333
French Guiana,GUF,2010,1,0,0,0,0,1250,0.3333333333333333
French Guiana,GUF,2011,1,0,0,0,0,1140,0.3333333333333333
Gabon,GAB,2007,13967300,0,1733700,12100167,0,300,1.0
Gabon,GAB,2008,14538600,0,1689000,12700187,0,300,1.0409026798307475
Gabon,GAB,2009,12979800,0,1035800,11800180,0,300,0.9292991487259528
Gabon,GAB,2010,14299300,0,1664300,12483190,0,300,1.0237698051878317
Gabon,GAB,2011,14501300,0,2116300,12233190,0,300,1.0382321565370545
Georgia,GEO,2007,190853,0,102000,77850,11000,3100,1.0
Georgia,GEO,2008,197363,0,116000,62660,18700,3100,1.0341100218492767
Georgia,GEO,2009,323333,0,102000,204730,16600,3100,1.694146804084819
Georgia,GEO,2010,266716,0,1.00E+05,155413,11300,3100,1.3974944066899655
Georgia,GEO,2011,222836,0,89600,123033,10200,3100,1.1675792363756399
Germany,DEU,2007,253351469,29927695,44300,208386519,551030,0,1.0
Germany,DEU,2008,241073592,29394463,47785,197804415,605876,0,0.9515381653461027
Germany,DEU,2009,232526885,31898287,38200,187942862,291800,0,0.9178035790272051
Germany,DEU,2010,232353958,35874172,40987,185182683,402500,0,0.9171210213113072
Germany,DEU,2011,236002187,33618892,51335,191613933,432500,0,0.9315208943982874
Ghana,GHA,2007,1415932,1087586,404720,0,761132,80649,1.0
Ghana,GHA,2008,1323534,837042,381160,0,703291,83633,0.9347440413805183
Ghana,GHA,2009,1044992,554443,354530,0,490367,95043,0.7380241424023187
Ghana,GHA,2010,1130234,508679,417930,0,512208,96280,0.7982261860032827
Ghana,GHA,2011,1095995,517540,624380,0,271513,101701,0.7740449400112435
Greece,GRC,2007,68419660,4115911,19340,61969222,2298370,38300,1.0
Greece,GRC,2008,71342368,4350343,17310,64588256,2375239,33500,1.042717371001259
Greece,GRC,2009,67137731,3130840,10250,61889791,2098031,30177,0.9812637332602939
Greece,GRC,2010,62827921,3901171,19680,56737052,2161200,29000,0.9182729203857488
Greece,GRC,2011,64637278,3595325,22930,58487137,2523064,33316,0.9447179071044784
Greenland,GRL,2007,2,0,0,0,0,1835,1.0
Greenland,GRL,2008,2,0,0,0,0,1648,1.0
Greenland,GRL,2009,0,0,0,0,0,0,0.0
Greenland,GRL,2010,0,0,0,0,0,0,0.0
Greenland,GRL,2011,0,0,0,0,0,104,0.0
Guatemala,GTM,2007,1462929,620496,13023,797960,23365,95314,1.0
Guatemala,GTM,2008,1032478,302580,190,703600,26000,107405,0.7057608400681099
Guatemala,GTM,2009,789595,114263,2294,672900,0,137850,0.5397356946235942
Guatemala,GTM,2010,732055,136078,674,595100,0,203457,0.5004036422820246
Guatemala,GTM,2011,681903,202784,487,545000,4000,284669,0.4661217324969291
Guinea,GIN,2007,16515515,1019000,0,0,16515500,15303,1.0
Guinea,GIN,2008,17682318,3098490,0,0,17682300,17981,1.0706489019567358
Guinea,GIN,2009,14741618,697000,0,0,14741600,17545,0.8925920868952618
Guinea,GIN,2010,16427325,374096,0,0,16427300,24836,0.9946601725710642
Guinea,GIN,2011,14415019,303785,0,0,14415000,18798,0.87281680286688
Guyana,GUY,2007,2242907,268945,0,0,2242900,7412,1.0
Guyana,GUY,2008,2109208,168925,0,0,2109200,8123,0.9403903059734532
Guyana,GUY,2009,1448320,143982,0,0,1448311,9492,0.6457334164992129
Guyana,GUY,2010,1010010,49920,0,0,1010000,9592,0.45031291979560456
Guyana,GUY,2011,1827566,52273,0,0,1827555,11292,0.8148202310662012
Honduras,HND,2007,70457,31000,0,0,39400,56912,1.0
Honduras,HND,2008,71561,30500,0,0,41000,60746,1.0156691315270308
Honduras,HND,2009,81460,30500,0,0,50900,59827,1.1561661722752885
Honduras,HND,2010,81360,30500,0,0,50800,60397,1.1547468668833474
Honduras,HND,2011,71950,30500,0,0,41400,50293,1.021190229501682
Hungary,HUN,2007,13482530,148271,13454,10654653,546405,0,1.0
Hungary,HUN,2008,12941331,90404,13386,10241146,511005,0,0.9598592400684441
Hungary,HUN,2009,12705328,87605,13400,9818410,317003,0,0.9423548844319278
Hungary,HUN,2010,12302136,102200,14850,9830572,365004,0,0.9124501113663385
Hungary,HUN,2011,12745124,91800,15521,10229065,277805,0,0.9453065559653863
Iceland,ISL,2007,450800,4500,0,0,446300,0,1.0
Iceland,ISL,2008,766200,5000,0,0,761200,0,1.699645075421473
Iceland,ISL,2009,809600,5000,0,0,804600,0,1.7959183673469388
Iceland,ISL,2010,830800,5000,0,0,825800,0,1.8429458740017746
Iceland,ISL,2011,785900,5000,0,0,780900,0,1.7433451641526176
India,IND,2007,751155297,29000260,146526854,525212735,24514767,83666,1.0
India,IND,2008,777594388,29103828,145958210,558747169,17539259,107722,1.0351979026249216
India,IND,2009,833365119,29718392,149363530,599860852,16478605,140852,1.109444508117474
India,IND,2010,842641066,34755667,142870580,608191694,15117370,150763,1.1217934152436657
India,IND,2011,829508898,36308084,115035330,625622048,15513899,209334,1.1043107880792857
Indonesia,IDN,2007,303331635,1054700,189307,236257212,2354273,386818,1.0
Indonesia,IDN,2008,296860041,1063200,2582485,227938420,2129078,290441,0.9786649552724693
Indonesia,IDN,2009,347411850,1098163,2625641,276125763,2222760,499939,1.1453202037433385
Indonesia,IDN,2010,459382353,1148900,5126657,372464985,3544248,454766,1.514455796870643
Indonesia,IDN,2011,545787270,1217400,6748307,460766878,3378600,295393,1.7993087664595222
Iran,IRN,2007,340283551,22008456,16737290,211074900,1054764,40850,1.0
Iran,IRN,2008,348255076,24250867,15251763,214706300,1122405,40850,1.0234261249965622
Iran,IRN,2009,352072590,23839445,17112305,205283200,1008799,40850,1.0346447513121197
Iran,IRN,2010,371150360,25626731,18983287,208271200,1455301,40850,1.0907090833785262
Iran,IRN,2011,381178800,25620560,25700700,207125800,1443500,40400,1.1201799172478955
Iraq,IRQ,2007,106655115,187115,0,105301460,0,0,1.0
Iraq,IRQ,2008,120946129,142129,0,119301880,0,0,1.1339927672479655
Iraq,IRQ,2009,122858139,138939,0,121801149,0,0,1.151919802439855
Iraq,IRQ,2010,124168093,130733,0,122996263,0,0,1.1642019513081956
Iraq,IRQ,2011,138578452,220521,0,136937850,0,0,1.2993136991132586
Ireland,IRL,2007,1572910,7.00E+05,0,519,457700,9700,1.0
Ireland,IRL,2008,1453307,6.00E+05,0,506,448500,7172,0.9239606843366753
Ireland,IRL,2009,1166405,4.00E+05,0,414,435200,5267,0.7415586397187379
Ireland,IRL,2010,1003204,3.00E+05,0,402,381600,3818,0.6378012728000967
Ireland,IRL,2011,979806,3.00E+05,0,361,391000,6100,0.6229256600822679
Israel,ISR,2007,5680546,3472974,0,3930,0,0,1.0
Israel,ISR,2008,6196300,3450100,0,5630,0,0,1.0907930329232436
Israel,ISR,2009,5257106,2995000,0,4931,0,0,0.9254578697188616
Israel,ISR,2010,6028121,3439130,0,5025,0,0,1.0611868999916558
Israel,ISR,2011,6687224,3226586,0,8958,0,0,1.1772150071489607
Italy,ITA,2007,27683691,13754491,700,5867860,182500,100,1.0
Italy,ITA,2008,25827713,13044813,700,5345870,189400,100,0.9329577114554558
Italy,ITA,2009,25879088,14761388,700,4629909,167800,100,0.9348134972319985
Italy,ITA,2010,24712782,13044482,700,5189442,132500,100,0.8926837826646743
Italy,ITA,2011,25122526,12928384,0,5386381,144900,100,0.9074846992043077
Jamaica,JAM,2007,14814435,246697,0,0,14567738,0,1.0
Jamaica,JAM,2008,14893374,257274,0,0,14636100,0,1.0053285191099086
Jamaica,JAM,2009,7993377,175877,0,0,7817500,0,0.5395667806433387
Jamaica,JAM,2010,8706043,166143,0,0,8539900,0,0.5876729689657418
Jamaica,JAM,2011,10287421,98521,0,0,10188900,0,0.6944187206599509
Japan,JPN,2007,10494351,6655000,0,868208,8438,12929,1.0
Japan,JPN,2008,10651413,6767000,0,890835,9302,10594,1.0149663376039166
Japan,JPN,2009,10038855,6371000,0,832739,7443,12178,0.9565960772609949
Japan,JPN,2010,10016689,6506875,0,789096,7301,13204,0.9544838932869694
Japan,JPN,2011,9526388,6131829,0,752398,7046,13178,0.9077634243413433
Jordan,JOR,2007,3464889,3287663,0,1446,0,0,1.0
Jordan,JOR,2008,3863293,3669063,0,2470,0,0,1.1149831928237817
Jordan,JOR,2009,3083412,2906112,0,1520,0,0,0.8899021007599378
Jordan,JOR,2010,4012504,3835204,0,1520,0,0,1.1580469100164537
Jordan,JOR,2011,4353643,4168343,0,1530,0,0,1.2565028778699694
Kazakhstan,KAZ,2007,216175689,3078160,18675475,164990488,5810782,745491,1.0
Kazakhstan,KAZ,2008,234764464,3594747,16986426,181786637,6117676,666452,1.0859892020513
Kazakhstan,KAZ,2009,233707660,3808942,17692460,177388474,6099485,640980,1.0811005672335339
Kazakhstan,KAZ,2010,250301544,4101131,19278428,190671399,6362610,582332,1.1578616687096577
Kazakhstan,KAZ,2011,259173778,4531822,19694435,196793468,8807297,687495,1.1989034437632808
Kenya,KEN,2007,103125,103122,0,0,0,3023,1.0
Kenya,KEN,2008,160777,160777,0,0,0,343,1.559049696969697
Kenya,KEN,2009,36367,36366,0,0,0,1135,0.35264969696969695
Kenya,KEN,2010,54065,54063,0,0,0,2035,0.5242666666666667
Kenya,KEN,2011,126652,126650,0,0,0,2100,1.2281406060606062
Korea North,#N/A,2007,35310000,784500,1400250,3.30E+07,125200,50000,1.0
Korea North,#N/A,2008,34513100,886500,1200350,32333000,93200,50000,0.9774313225715094
Korea North,#N/A,2009,33999850,877500,1500100,31556000,66200,50000,0.9628957802322289
Korea North,#N/A,2010,34412850,879500,1500100,31957000,76200,50000,0.9745921835174172
Korea North,#N/A,2011,34006850,877500,1500100,31556000,73200,50000,0.9630940243557066
Korea South,KOR,2007,5742763,2591086,260796,2886000,4880,1562,1.0
Korea South,KOR,2008,5439161,2339239,322450,2772544,4926,1675,0.9471331134507901
Korea South,KOR,2009,5133362,2288482,321157,2519000,4721,1974,0.8938836584410674
Korea South,KOR,2010,4629000,2253380,287080,2083972,4566,2235,0.8060579898561023
Korea South,KOR,2011,4453341,2062343,303290,2084000,3705,2809,0.7754701003680633
Kuwait,KWT,2007,138641400,780800,0,128224660,0,0,1.0
Kuwait,KWT,2008,144282100,816800,0,133278050,0,0,1.0406855383745404
Kuwait,KWT,2009,122351200,771000,0,112639390,0,0,0.8825011865142736
Kuwait,KWT,2010,125366788,839188,0,115155330,0,0,0.904252178642166
Kuwait,KWT,2011,143998600,754000,0,132431733,0,0,1.038640694626569
Kyrgyzstan,KGZ,2007,478861,0,350,470010,500,10572,1.0
Kyrgyzstan,KGZ,2008,575868,0,350,567010,500,18132,1.2025786188476406
Kyrgyzstan,KGZ,2009,694135,0,350,679816,1168,17130,1.4495542547837472
Kyrgyzstan,KGZ,2010,645518,0,350,632015,1150,18464,1.3480279245960727
Kyrgyzstan,KGZ,2011,912519,0,350,895020,1150,18940,1.9056030873259673
Laos,LAO,2007,1009528,258150,0,681700,69667,10762,1.0
Laos,LAO,2008,836114,363400,0,379200,93501,12510,0.8282226941699488
Laos,LAO,2009,1392180,801490,0,466080,124590,20187,1.379040502096029
Laos,LAO,2010,1240834,603040,0,501600,136173,20894,1.2291229168482696
Laos,LAO,2011,1386805,845201,0,511700,141484,21203,1.3737162317439437
Latvia,LVA,2007,346100,346100,0,0,0,0,1.0
Latvia,LVA,2008,349100,349100,0,0,0,0,1.0086680150245593
Latvia,LVA,2009,2.00E+05,2.00E+05,0,0,0,0,0.5778676683039584
Latvia,LVA,2010,188500,188500,0,0,0,0,0.5446402773764808
Latvia,LVA,2011,230700,230700,0,0,0,0,0.666570355388616
Lebanon,LBN,2007,83500,83500,0,0,0,0,1.0
Lebanon,LBN,2008,105000,105000,0,0,0,0,1.2574850299401197
Lebanon,LBN,2009,120000,120000,0,0,0,0,1.437125748502994
Lebanon,LBN,2010,125000,125000,0,0,0,0,1.4970059880239521
Lebanon,LBN,2011,130000,130000,0,0,0,0,1.5568862275449102
Lesotho,LSO,2007,0,454014,0,0,0,0
Lesotho,LSO,2008,0,253054,0,0,0,0
Lesotho,LSO,2009,0,91815,0,0,0,0
Lesotho,LSO,2010,0,108827,0,0,0,0
Lesotho,LSO,2011,0,224180,0,0,0,0
Liberia,LBR,2004,0,10000,0,0,0,110
Liberia,LBR,2005,0,NA,0,0,0,27
Liberia,LBR,2006,0,NA,0,0,0,9
Liberia,LBR,2007,0,21700,0,0,0,311
Liberia,LBR,2008,1,47006,0,0,0,624
Liberia,LBR,2009,1,28368,0,0,0,524
Liberia,LBR,2010,1,26590,0,0,0,800
Liberia,LBR,2011,0,41932,1300,0,0,469
Libya,LBY,2007,97619700,365000,0,85045980,0,0,1.0
Libya,LBY,2008,98426100,430000,0,85292000,0,0,1.0082606277216586
Libya,LBY,2009,90223600,420000,0,77099500,0,0,0.9242355794988102
Libya,LBY,2010,91381900,490000,0,77460710,0,0,0.9361010123981123
Libya,LBY,2011,26052000,340000,0,22436100,0,0,0.2668723628529897
Lithuania,LTU,2007,196668,42618,0,154050,0,0,1.0
Lithuania,LTU,2008,201580,73870,0,127710,0,0,1.0249761018569366
Lithuania,LTU,2009,184522,69722,0,114800,0,0,0.938241096670531
Lithuania,LTU,2010,184970,73470,0,111500,0,0,0.9405190473284927
Lithuania,LTU,2011,184400,76700,0,107700,0,0,0.9376207618931397
Macedonia,MKD,2007,6910958,312598,15300,6509000,74030,30000,1.0
Macedonia,MKD,2008,8027696,285986,15000,7630000,96670,40000,1.1615894641524374
Macedonia,MKD,2009,7714557,183642,12000,7426000,92880,35000,1.1162789587203394
Macedonia,MKD,2010,6994784,174682,14000,6724000,82070,32000,1.0121294327067245
Macedonia,MKD,2011,8504884,197481,25600,8208803,72970,30000,1.2306374890427636
Madagascar,MDG,2007,107153,80351,26802,0,0,1,1.0
Madagascar,MDG,2008,130147,74967,55180,0,0,50,1.2145903521133332
Madagascar,MDG,2009,234947,78737,156210,0,0,31,2.192631097589428
Madagascar,MDG,2010,316888,88383,228505,0,0,15,2.9573413716834804
Madagascar,MDG,2011,421806,98573,323233,0,0,0,3.9364833462432225
Malawi,MWI,2007,60630,2080,0,58550,0,0,1.0
Malawi,MWI,2008,64500,7023,0,57477,0,0,1.0638297872340425
Malawi,MWI,2009,67396,8050,0,59346,0,0,1.1115949200065973
Malawi,MWI,2010,80996,1020,0,79976,0,0,1.3359063170047831
Malawi,MWI,2011,81993,1000,0,80993,0,0,1.3523503216229589
Malaysia,MYS,2007,84303918,953485,684400,33911919,159730,3213,1.0
Malaysia,MYS,2008,85278384,969195,896451,34360543,298011,2790,1.011558964554886
Malaysia,MYS,2009,84138781,921220,1160099,33840404,265869,3161,0.9980411705183144
Malaysia,MYS,2010,85770425,988128,2683740,33111491,127413,4202,1.0173954785826205
Malaysia,MYS,2011,87534501,730813,5151040,32477094,192055,4702,1.0383206744910718
Mali,MLI,2007,53,0,0,0,0,52600,1.0
Mali,MLI,2008,49,0,0,0,0,48900,0.9245283018867925
Mali,MLI,2009,50,0,0,0,0,49700,0.9433962264150944
Mali,MLI,2010,42,0,0,0,0,42000,0.7924528301886793
Mali,MLI,2011,42,0,0,0,0,42100,0.7924528301886793
Malta,MLT,2007,9000,9000,0,0,0,0,1.0
Malta,MLT,2008,9000,9000,0,0,0,0,1.0
Malta,MLT,2009,9000,9000,0,0,0,0,1.0
Malta,MLT,2010,9000,9000,0,0,0,0,1.0
Malta,MLT,2011,9000,9000,0,0,0,0,1.0
Mauritania,MRT,2007,8568142,49229,7741500,748500,28911,1694,1.0
Mauritania,MRT,2008,8021534,44428,7342400,601800,32900,6227,0.9362046053858585
Mauritania,MRT,2009,7474035,36928,6840600,559900,36600,7874,0.8723052208985332
Mauritania,MRT,2010,8011953,65245,7497100,412600,37000,8326,0.9350863932927349
Mauritania,MRT,2011,7757061,72153,7264400,385200,35300,8199,0.9053375866086253
Mexico,MEX,2007,249345486,19257293,6708619,185460290,930395,3179140,1.0
Mexico,MEX,2008,233729394,19373049,7190584,169076610,844474,3287130,0.9373716675183765
Mexico,MEX,2009,223453390,18833806,7135241,157996320,876727,3616280,0.896159756427273
Mexico,MEX,2010,223205059,19007251,8584574,156453710,1034744,4490124,0.8951638250230847
Mexico,MEX,2011,232697250,24899073,7865189,157541710,1301756,4866359,0.9332322543027709
Moldova,MDA,2007,331300,331300,0,0,0,0,1.0
Moldova,MDA,2008,380400,380400,0,0,0,0,1.1482040446725024
Moldova,MDA,2009,136000,136000,0,0,0,0,0.41050407485662543
Moldova,MDA,2010,142300,142300,0,0,0,0,0.42952007244189555
Moldova,MDA,2011,157900,157900,0,0,0,0,0.4766073045578026
Mongolia,MNG,2007,10104821,382043,161197,9354000,207543,37973,1.0
Mongolia,MNG,2008,11626496,362176,834436,10231200,198649,35184,1.150589010928546
Mongolia,MNG,2009,16214941,486402,829836,14698100,200573,30203,1.6046737492925407
Mongolia,MNG,2010,28279805,421862,1924132,25752500,181285,25637,2.7986448250790392
Mongolia,MNG,2011,35706754,426182,34071779,49972701,177890,24803,3.5336354795399147
Montenegro,MNE,2007,2006628,20000,0,1195515,791113,0,1.0
Montenegro,MNE,2008,2544544,25200,0,1740076,779268,0,1.2680696172883066
Montenegro,MNE,2009,1083903,17000,0,957164,109739,0,0.5401614051034871
Montenegro,MNE,2010,2092294,11200,0,1937847,143247,0,1.0426915203017202
Montenegro,MNE,2011,2234123,10000,0,1972671,251452,0,1.1133717859015224
Morocco,MAR,2007,9661029,9452000,40767,11161,108183,178471,1.0
Morocco,MAR,2008,9285396,9047779,61612,9050,126803,201787,0.9611187379729427
Morocco,MAR,2009,7142254,6964156,39213,7864,98052,210470,0.7392850181900913
Morocco,MAR,2010,9801338,9590230,55754,10317,104843,243650,1.014523194164928
Morocco,MAR,2011,10885403,10675589,59781,9676,95426,186610,1.1267332910397019
Mozambique,MOZ,2007,2946796,110000,196,26800,572600,95,1.0
Mozambique,MOZ,2008,3322196,115000,147796,41100,541400,242,1.1273925986054005
Mozambique,MOZ,2009,3859106,131100,261405,41600,548600,511,1.3095938775537905
Mozambique,MOZ,2010,4124146,147100,378030,42004,565556,106,1.3995356312415248
Mozambique,MOZ,2011,4569472,153600,356900,651768,572352,103,1.5506577313122456
Myanmar,MMR,2007,13672589,144765,353,1755260,26911,300,1.0
Myanmar,MMR,2008,12046236,340882,306,1781980,15468,100,0.8810501068963603
Myanmar,MMR,2009,11297113,514267,237,1572720,21389,100,0.826259971684953
Myanmar,MMR,2010,11663151,218181,163,1748880,28027,100,0.8530316387042718
Myanmar,MMR,2011,12734751,333207,170,2463240,30534,100,0.9314074313211639
Namibia,NAM,2007,1092265,3172993,23810,3367,214726,10421,1.0
Namibia,NAM,2008,1096935,2982428,14194,5119,227349,9815,1.0042755192192372
Namibia,NAM,2009,1112416,1791657,25736,5320,218700,2714,1.018448819654571
Namibia,NAM,2010,1146803,2367494,25100,5306,219900,2683,1.0499311064622596
Namibia,NAM,2011,1092467,2164834,48400,3831,211400,2063,1.0001849368056286
Nepal,NPL,2007,41415,11043,0,30372,0,0,1.0
Nepal,NPL,2008,39185,9040,0,30145,0,0,0.9461547748400339
Nepal,NPL,2009,21491,6601,0,14890,0,0,0.5189182663286249
Nepal,NPL,2010,25000,9000,0,16000,0,0,0.6036460219727152
Nepal,NPL,2011,25000,9000,0,16000,0,0,0.6036460219727152
Netherlands,NLD,2007,63369695,6177000,0,2315610,297395,0,1.0
Netherlands,NLD,2008,72875090,6694000,0,1972119,321730,0,1.1499990650104912
Netherlands,NLD,2009,66662820,5967000,0,1477462,306490,0,1.05196687470249
Netherlands,NLD,2010,76143430,5982000,0,1221976,300560,0,1.201574822160656
Netherlands,NLD,2011,71154890,6866000,0,1221287,300560,0,1.1228535974490645
New Caledonia,NCL,2007,126831,0,126831,0,0,0,1.0
New Caledonia,NCL,2008,103469,0,103469,0,0,0,0.8158021303939889
New Caledonia,NCL,2009,93713,0,93713,0,0,0,0.738880872972696
New Caledonia,NCL,2010,131556,0,131556,0,0,0,1.0372542990278402
New Caledonia,NCL,2011,132800,0,132800,0,0,0,1.0470626266449055
New Zealand,NZL,2007,11993298,130147,997831,6731734,351100,19401,1.0
New Zealand,NZL,2008,12806191,86514,1171732,7638498,315500,44903,1.067778937870134
New Zealand,NZL,2009,12445606,85744,1213731,7141377,271000,27706,1.0377133962651475
New Zealand,NZL,2010,13678854,84004,1414620,7798054,344000,30630,1.1405414924235184
New Zealand,NZL,2011,12641586,91545,1367315,7060812,357000,26086,1.0540541892647044
Nicaragua,NIC,2007,73306,73300,0,0,0,6270,1.0
Nicaragua,NIC,2008,79937,79930,0,0,0,6404,1.0904564428559735
Nicaragua,NIC,2009,67408,67400,0,0,0,7082,0.9195427386571359
Nicaragua,NIC,2010,50342,50330,0,0,0,11872,0.6867377840831582
Nicaragua,NIC,2011,59714,59700,0,0,0,14323,0.8145854363899272
Niger,NER,2007,180934,5915,0,175016,0,2625,1.0
Niger,NER,2008,196498,9961,0,186535,0,2314,1.0860203168006013
Niger,NER,2009,249934,21037,0,228895,0,2067,1.3813545270651177
Niger,NER,2010,260369,8859,0,251508,0,1929,1.4390274906872118
Niger,NER,2011,260223,9300,0,250921,0,1846,1.4382205666154508
Nigeria,NGA,2007,141553307,118047,37256,114145100,7000,3868,1.0
Nigeria,NGA,2008,131749302,120000,39899,105343825,18400,2890,0.9307398378195432
Nigeria,NGA,2009,120311921,119400,63820,101567206,19900,1350,0.8499407293960288
Nigeria,NGA,2010,146704284,119000,40480,117283590,25800,3718,1.036388955575584
Nigeria,NGA,2011,149528084,119000,44980,117488860,27100,3700,1.0563376241008626
Norway,NOR,2007,196451714,214900,777600,122426645,1362269,0,1.0
Norway,NOR,2008,199287129,219100,880408,117447993,1358978,0,1.0144331395347357
Norway,NOR,2009,195527541,198922,863249,110630681,1090249,0,0.9952956735210771
Norway,NOR,2010,188651460,186000,2367660,99667920,1400300,0,0.9602942939963354
Norway,NOR,2011,178933996,185287,2400300,93331520,1982309,0,0.9108293959705539
Oman,OMN,2007,54117944,193652,135188,34524100,9100,4111,1.0
Oman,OMN,2008,55851490,360220,325468,35924000,65800,2258,1.0320327394551427
Oman,OMN,2009,59525395,364023,254600,38724800,366770,2255,1.0999197419621114
Oman,OMN,2010,64105631,694200,346160,41027100,385270,1372,1.1845540732293895
Oman,OMN,2011,65433757,1432900,264455,42150520,396400,2019,1.2090953972678637
Panama,PAN,2007,20620,20620,0,0,0,0,1.0
Panama,PAN,2008,21370,21370,0,0,0,0,1.036372453928225
Panama,PAN,2009,19840,19840,0,0,0,831,0.962172647914646
Panama,PAN,2010,28012,28010,0,0,0,1728,1.3584869059165858
Panama,PAN,2011,16832,16830,0,0,0,2115,0.8162948593598448
Papua New Guinea,PNG,2007,2882087,0,0,2600141,169184,102161,1.0
Papua New Guinea,PNG,2008,2258145,0,0,1986470,159700,115536,0.7835103520469715
Papua New Guinea,PNG,2009,2084803,0,0,1830090,166700,123273,0.7233657415615836
Papua New Guinea,PNG,2010,1842641,0,0,1594800,159800,150901,0.639342601385732
Papua New Guinea,PNG,2011,1722192,0,0,1503647,130500,155581,0.5975503168363758
Paraguay,PRY,2007,74500,74500,0,0,0,0,1.0
Paraguay,PRY,2008,70500,70500,0,0,0,0,0.9463087248322147
Paraguay,PRY,2009,70500,70500,0,0,0,0,0.9463087248322147
Paraguay,PRY,2010,70500,70500,0,0,0,0,0.9463087248322147
Paraguay,PRY,2011,70500,70500,0,0,0,0,0.9463087248322147
Peru,PER,2007,16517192,2067792,3487581,5772445,3009226,3671686,1.0
Peru,PER,2008,18164511,2711913,3526458,6127222,3261423,3865789,1.0997335987860406
Peru,PER,2009,19099701,2731563,3017693,7381109,3130307,4176690,1.1563527868417343
Peru,PER,2010,23790372,2910407,4126677,7952492,3013829,3804538,1.44033998030658
Peru,PER,2011,30475517,6059688,4787125,7797252,2751234,3578012,1.8450785702557675
Philippines,PHL,2007,8088716,465950,104037,4540189,30962,66546,1.0
Philippines,PHL,2008,8611112,540555,86707,4857883,23400,49768,1.064583303456321
Philippines,PHL,2009,10204525,547530,143129,6330110,59595,70855,1.2615753847705866
Philippines,PHL,2010,12214907,588702,190223,8425083,68100,81847,1.5101169332685187
Philippines,PHL,2011,14803544,760174,329593,10454976,81900,76620,1.8301475784290115
Poland,POL,2007,158666411,7306090,600,146577583,639721,1199928,1.0
Poland,POL,2008,157237514,7189419,530,144773720,702403,1161947,0.9909943321274217
Poland,POL,2009,147185631,6239873,516,135864537,655434,1207864,0.9276420262635171
Poland,POL,2010,145920970,6807900,139,133988956,731509,1161826,0.9196714608991817
Poland,POL,2011,152000060,7021660,207,139951030,519543,1260348,0.9579851150726539
Portugal,PRT,2007,1438559,1315215,850,0,122470,24000,1.0
Portugal,PRT,2008,1503649,1371509,983,0,131128,28800,1.0452466669771625
Portugal,PRT,2009,1460137,1371794,823,0,87498,22450,1.0149997323710742
Portugal,PRT,2010,1375171,1292996,799,0,81352,23710,0.9559364614172933
Portugal,PRT,2011,1502416,1417170,819,0,84399,28380,1.044389559274246
Puerto Rico,PRI,2007,35000,35000,0,0,0,0,1.0
Puerto Rico,PRI,2008,45000,45000,0,0,0,0,1.2857142857142858
Puerto Rico,PRI,2009,45000,45000,0,0,0,0,1.2857142857142858
Puerto Rico,PRI,2010,45000,45000,0,0,0,0,1.2857142857142858
Puerto Rico,PRI,2011,45000,45000,0,0,0,0,1.2857142857142858
Qatar,QAT,2007,104668100,503000,0,53668300,0,0,1.0
Qatar,QAT,2008,122992717,570017,0,60920474,0,0,1.1750735610945455
Qatar,QAT,2009,129967654,657954,0,57956990,10000,0,1.2417121740052603
Qatar,QAT,2010,160359710,1124210,0,65802200,190000,0,1.5320781594392179
Qatar,QAT,2011,190596637,1655937,0,71199550,408000,0,1.820962040965681
Romania,ROU,2007,53420306,2543617,21433,40801311,290146,18500,1.0
Romania,ROU,2008,52708269,2567447,9154,40412841,290608,18500,0.986671042281188
Romania,ROU,2009,49350399,2126328,4264,38305347,238100,18500,0.9238134839587029
Romania,ROU,2010,46156989,2423624,2755,35013278,258300,18500,0.8640345302402423
Romania,ROU,2011,50623979,2279809,0,39585004,279360,18500,0.9476542309585423
Russia,RUS,2007,1423003564,63673775,58420816,806517025,10934945,1194166,1.0
Russia,RUS,2008,1414754343,59764080,55703552,794830152,10844272,1429074,0.9942029512724396
Russia,RUS,2009,1342681742,56654400,48274189,796287003,10566717,1627590,0.9435547288622251
Russia,RUS,2010,1436954290,59660700,53289020,828005500,10465505,1458339,1.0098037182428308
Russia,RUS,2011,1478461713,60856100,57744337,848064329,10965999,1541758,1.0389726002119837
Rwanda,RWA,2007,5854,0,2566,0,3288,0,1.0
Rwanda,RWA,2008,5225,0,2206,0,3019,0,0.8925521011274342
Rwanda,RWA,2009,4544,0,1470,0,3074,0,0.7762213870857533
Rwanda,RWA,2010,4039,0,1250,0,2789,0,0.6899555859241544
Rwanda,RWA,2011,6493,0,1488,0,5005,0,1.109156132558934
Saudi Arabia,SAU,2007,559431227,7302638,219000,492446420,1576,13469,1.0
Saudi Arabia,SAU,2008,585350247,7152746,209160,513561340,155428,12727,1.0463310211319325
Saudi Arabia,SAU,2009,533009154,7042844,216000,462815750,252999,11327,0.9527697566299781
Saudi Arabia,SAU,2010,544404955,7234300,198000,466641260,291043,12146,0.9731400907300443
Saudi Arabia,SAU,2011,607619015,8193001,234720,525892260,213284,10451,1.0861371079666242
Senegal,SEN,2007,612800,561899,0,42910,0,600,1.0
Senegal,SEN,2008,497586,476185,0,13410,0,600,0.8119875979112271
Senegal,SEN,2009,610450,576844,0,33600,0,5655,0.9961651436031331
Senegal,SEN,2010,690575,636770,0,53800,0,5354,1.1269174281984333
Senegal,SEN,2011,864004,810000,0,54000,0,4089,1.4099281984334204
Serbia Republic,SRB,2007,38280117,243615,0,37798274,19300,2800,1.0
Serbia Republic,SRB,2008,40194735,538532,0,39409282,21600,3012,1.050015991330434
Serbia Republic,SRB,2009,39754272,301899,0,39202353,23900,2952,1.038509678536249
Serbia Republic,SRB,2010,39427118,220513,0,38844424,23400,5156,1.0299633619197142
Serbia Republic,SRB,2011,43214321,227116,0,42461117,33100,5560,1.1288973071843014
Sierra Leone,SLE,2007,1256367,603700,87327,0,1169040,212,1.0
Sierra Leone,SLE,2008,1038825,371290,84455,0,954370,191,0.8268483651671844
Sierra Leone,SLE,2009,811848,400370,69031,0,742817,167,0.6461869819885432
Sierra Leone,SLE,2010,1163932,437555,74801,0,1089131,270,0.9264267526924855
Sierra Leone,SLE,2011,1618437,363634,152573,0,1457510,164,1.2881880851693812
Slovakia,SVK,2007,4583390,1907760,193800,1881081,160500,192,1.0
Slovakia,SVK,2008,4479595,1830900,133280,2263731,162995,398,0.9773540981675136
Slovakia,SVK,2009,3920733,1096033,0,2589607,149600,546,0.8554220784179396
Slovakia,SVK,2010,3975991,1513500,0,2212399,163000,854,0.8674782202692767
Slovakia,SVK,2011,3963010,1606701,0,2178208,162800,728,0.8646460371035413
Slovenia,SVN,2007,4638086,3159,0,4521530,111000,0,1.0
Slovenia,SVN,2008,4583839,695,0,4497447,83300,0,0.9883040116116864
Slovenia,SVN,2009,4473081,3028,0,4432656,35000,0,0.9644239024459659
Slovenia,SVN,2010,4476134,194,0,4430147,40200,0,0.9650821481102334
Slovenia,SVN,2011,4273724,43085,0,4192367,75300,0,0.921441301433393
Solomon Islands,SLB,2007,0,0,0,0,0,93
Solomon Islands,SLB,2008,0,0,0,0,0,141
Solomon Islands,SLB,2009,0,0,0,0,0,130
Solomon Islands,SLB,2010,0,0,0,0,0,130
Solomon Islands,SLB,2011,2,0,0,0,0,158811
Somalia,SOM,2007,1500,1500,0,0,0,0,1.0
Somalia,SOM,2008,1505,1500,5,0,0,0,1.0033333333333334
Somalia,SOM,2009,1004,1000,4,0,0,0,0.6693333333333333
Somalia,SOM,2010,1503,1500,3,0,0,0,1.002
Somalia,SOM,2011,1503,1500,3,0,0,0,1.002
South Africa,ZAF,2007,287904730,19090702,35513673,246216993,1092136,591110,1.0
South Africa,ZAF,2008,298822589,16529791,40415731,252631457,986997,527294,1.0379217771100877
South Africa,ZAF,2009,297803500,9600051,42594152,249768167,981865,514535,1.034382102718493
South Africa,ZAF,2010,307797826,12219981,47393321,254849755,985147,513952,1.0690961068961944
South Africa,ZAF,2011,306243114,10403086,47527124,253290028,991962,503933,1.063696014997739
Spain,ESP,2007,39210346,21436564,6772,17320922,411731,0,1.0
Spain,ESP,2008,33398036,21799451,8290,11138965,412978,0,0.8517659089261799
Spain,ESP,2009,25686166,15745194,8260,9553836,363693,2200,0.655086440706236
Spain,ESP,2010,23376227,14367375,5642,8554061,403606,413,0.5961749738194098
Spain,ESP,2011,21457560,14219494,337,6722315,1218791,0,0.5472423018149343
Sri Lanka,LKA,2007,193823,150543,43280,0,0,0,1.0
Sri Lanka,LKA,2008,184552,150062,34490,0,0,0,0.9521676993958406
Sri Lanka,LKA,2009,231611,211761,19850,0,0,0,1.1949613822920913
Sri Lanka,LKA,2010,248359,216969,31390,0,0,0,1.2813701160337008
Sri Lanka,LKA,2011,247889,211389,36500,0,0,0,1.2789452232191225
Sudan,SDN,2007,24150778,58742,7428,24084600,0,8454,1.0
Sudan,SDN,2008,23145554,110437,15307,23019800,0,9508,0.9583771586985728
Sudan,SDN,2009,23798051,132172,6962,23658900,0,16614,0.9853947976334344
Sudan,SDN,2010,24312854,1129256,178871,23004700,0,26917,1.0067110053349007
Sudan,SDN,2011,16754217,990809,190781,15572600,0,27239,0.6937340486505238
Suriname,SUR,2007,6015204,0,0,742000,5273195,8585,1.0
Suriname,SUR,2008,6137810,0,0,804800,5333000,10290,1.0203826836130578
Suriname,SUR,2009,4187713,0,0,799300,3388400,12800,0.6961880262082549
Suriname,SUR,2010,3887813,0,0,791100,3096700,12923,0.6463310305020412
Suriname,SUR,2011,4053113,0,0,817000,3236100,12606,0.6738113952577502
Swaziland,SWZ,2007,241283,0,0,241283,0,0,1.0
Swaziland,SWZ,2008,174807,0,0,174807,0,0,0.7244894998818815
Swaziland,SWZ,2009,129647,0,0,129647,0,0,0.5373233920334214
Swaziland,SWZ,2010,145903,0,0,145903,0,0,0.6046965596415828
Swaziland,SWZ,2011,121050,0,0,121050,0,0,0.5016930326628897
Sweden,SWE,2007,16289413,31620,15816960,0,440505,328330,1.0
Sweden,SWE,2008,15705705,26000,15288320,0,391087,298021,0.9641664190109245
Sweden,SWE,2009,11722484,22000,11313280,0,386909,294132,0.7196382091853156
Sweden,SWE,2010,16649083,26000,16186880,0,435895,308430,1.022079985325438
Sweden,SWE,2011,17195644,33000,16712320,0,450016,307953,1.0556331280936888
Switzerland,CHE,2007,641000,641000,0,0,0,0,1.0
Switzerland,CHE,2008,835000,835000,0,0,0,0,1.3026521060842433
Switzerland,CHE,2009,735000,735000,0,0,0,0,1.1466458658346335
Switzerland,CHE,2010,893000,893000,0,0,0,0,1.393135725429017
Switzerland,CHE,2011,778000,778000,0,0,0,0,1.2137285491419656
Syria,SYR,2007,26492300,1632300,0,18607825,0,0,1.0
Syria,SYR,2008,25729888,1450188,0,18228074,0,0,0.9712213737576579
Syria,SYR,2009,26742037,1119537,0,19125032,0,0,1.0094267768370433
Syria,SYR,2010,27912200,1435100,0,19573740,0,0,1.0535967054578124
Syria,SYR,2011,25613200,1401700,0,16708890,0,0,0.966816773175602
Taiwan,TWN,2007,695536,361936,0,417,0,0,1.0
Taiwan,TWN,2008,649260,363660,0,357,0,0,0.933467139012215
Taiwan,TWN,2009,723188,442388,0,351,0,0,1.0397563893170159
Taiwan,TWN,2010,744391,512391,0,290,0,0,1.070240792712383
Taiwan,TWN,2011,605765,341765,0,330,0,0,0.8709326332497527
Tajikistan,TJK,2007,673515,30000,0,207317,422610,5100,1.0
Tajikistan,TJK,2008,665135,25000,0,224316,403030,4772,0.9875578123724045
Tajikistan,TJK,2009,609037,25000,0,204608,363445,4461,0.9042664231680067
Tajikistan,TJK,2010,616303,12000,0,230457,355464,5149,0.9150546016050125
Tajikistan,TJK,2011,582419,12000,0,264719,290515,4040,0.8647454028492313
Tanzania,TZA,2007,132789,328826,0,85000,8200,52593,1.0
Tanzania,TZA,2008,163573,284081,0,92000,23100,46834,1.231826431406216
Tanzania,TZA,2009,275464,233291,0,98000,126000,47313,2.074448937788522
Tanzania,TZA,2010,323600,152602,0,105000,136400,51448,2.436948843654218
Tanzania,TZA,2011,324454,517693,0,95000,1306702,53890,2.4433800992552093
Thailand,THA,2007,62416343,11753006,969396,28889900,35623,11128,1.0
Thailand,THA,2008,64878276,11185718,1113907,29547834,24403,8186,1.0394437238977619
Thailand,THA,2009,66314885,11725168,413686,29443139,37379,21129,1.06246027582872
Thailand,THA,2010,72965459,12979559,630371,30332670,30323,21634,1.1690120806981594
Thailand,THA,2011,76742049,69819792,303886,32522551,30406,22316,1.2295185092788918
Togo,TGO,2007,267781,285133,0,0,0,10159,1.0
Togo,TGO,2008,300787,309562,0,0,0,11835,1.1232574379810367
Togo,TGO,2009,259033,259145,0,0,0,12955,0.96733151343822
Togo,TGO,2010,248179,248265,0,0,0,10452,0.9267983912226783
Togo,TGO,2011,309041,309096,0,0,0,16469,1.1540811334635392
Trinidad Tobago,TTO,2007,37525000,0,0,6364000,0,0,1.0
Trinidad Tobago,TTO,2008,37400620,0,0,5999920,0,0,0.9966854097268487
Trinidad Tobago,TTO,2009,38048230,0,0,5608830,0,0,1.0139435043304463
Trinidad Tobago,TTO,2010,40843687,0,0,5168337,0,0,1.0884393604263825
Trinidad Tobago,TTO,2011,38884766,0,0,4620450,0,0,1.0362362691538973
Tunisia,TUN,2007,9904700,3433500,97400,4548085,0,0,1.0
Tunisia,TUN,2008,9765600,3664100,111500,4148305,0,0,0.9859561622260139
Tunisia,TUN,2009,10107500,3888600,81700,3904794,0,0,1.0204751279695499
Tunisia,TUN,2010,10977200,4527100,97500,3734277,0,0,1.1082819267620423
Tunisia,TUN,2011,8333500,2334800,92700,3676790,0,0,0.8413682393207266
Turkey,TUR,2007,101032773,15066864,4185835,80011011,1098494,207920,1.0
Turkey,TUR,2008,106821087,19571024,4361925,81018887,1154640,305120,1.0572914493794998
Turkey,TUR,2009,97538613,15088146,3206120,78105650,610990,366100,0.9654155785667686
Turkey,TUR,2010,100625688,13014832,4671052,81327993,1111230,407000,0.9959707628731521
Turkey,TUR,2011,100927468,13496593,5473402,80502793,1565960,317370,0.9989577144438072
Turkmenistan,TKM,2007,63942000,222000,0,9867400,0,0,1.0
Turkmenistan,TKM,2008,61482000,222000,0,10363700,0,0,0.9615276344186919
Turkmenistan,TKM,2009,39742000,222000,0,10436400,0,0,0.621532013387132
Turkmenistan,TKM,2010,44842000,222000,0,10742400,0,0,0.7012917956898439
Turkmenistan,TKM,2011,58512000,222000,0,10749500,0,0,0.9150792906071127
Uganda,UGA,2007,12355,11541,810,0,0,3542,1.0
Uganda,UGA,2008,5925,3863,2060,0,0,2055,0.47956292998785915
Uganda,UGA,2009,7033,4846,2186,0,0,931,0.5692432213678673
Uganda,UGA,2010,29237,28458,778,0,0,918,2.3664103601780657
Uganda,UGA,2011,28502,27823,679,0,0,163,2.3069202751922298
Ukraine,UKR,2007,139642430,8696000,50778000,63915197,113433,0,1.0
Ukraine,UKR,2008,135481061,7595288,47411000,63926540,88833,0,0.9701998239360343
Ukraine,UKR,2009,126989926,7458002,43305000,59561791,45933,0,0.9093935560989593
Ukraine,UKR,2010,133305535,7196000,51176500,59007902,25033,0,0.9546205619595706
Ukraine,UKR,2011,142465982,8739000,52692700,65126949,7233,0,1.020219871567689
United Arab Emirates,ARE,2007,183900150,1994000,6650,140788340,889500,0,1.0
United Arab Emirates,ARE,2008,186204723,2219000,12023,142940240,891700,0,1.0125316537262206
United Arab Emirates,ARE,2009,168579120,2215000,8320,126354800,1009800,0,0.9166883224401937
United Arab Emirates,ARE,2010,175677000,1833000,0,131471280,1400000,0,0.9552847020516296
United Arab Emirates,ARE,2011,195098000,1870000,0,150145730,1750000,0,1.0608909236887518
United Kingdom,GBR,2007,160366472,9633612,165,88959856,364895,375,1.0
United Kingdom,GBR,2008,154829951,9241806,145,85386936,327200,561,0.9654758196588623
United Kingdom,GBR,2009,166076889,9532045,0,81968022,252243,701,1.0356085466543157
United Kingdom,GBR,2010,135302404,9972952,0,77463674,186251,683,0.8437075550305803
United Kingdom,GBR,2011,130316990,10031709,0,81887790,213280,733,0.8126199221991989
United States,USA,2007,1931757721,95220000,33118300,1362366550,5116935,1535828,1.0
United States,USA,2008,1973719892,96910604,34125413,1381353853,5259360,1461820,1.0217222742499394
United States,USA,2009,1892538116,88020000,17071230,1316736713,4092703,1469647,0.9796974514072616
United States,USA,2010,1940407248,85391900,31694060,1336628057,4015805,1526258,1.0044775423470405
United States,USA,2011,2005265844,88727600,34825290,1357057106,4273768,1370365,1.0380524546121381
Uruguay,URY,2007,22708,3430,19275,0,0,3172,1.0
Uruguay,URY,2008,24862,3120,21740,0,0,2429,1.0948564382596442
Uruguay,URY,2009,22422,2190,20230,0,0,2192,0.987405319711115
Uruguay,URY,2010,18062,1260,16800,0,0,1704,0.7954025013211203
Uruguay,URY,2011,64452,5489276,8360,0,0,1829,2.8382948740531972
Uzbekistan,UZB,2007,57570090,84300,900,8505936,80003,150650,1.0
Uzbekistan,UZB,2008,58978008,84300,800,8156157,80003,147800,1.0244557199754247
Uzbekistan,UZB,2009,58138142,84300,850,8219134,80002,125900,1.009867137605656
Uzbekistan,UZB,2010,53800114,84300,850,7101070,80002,132100,0.9345150233393764
Uzbekistan,UZB,2011,52266823,84300,850,6502608,80002,133000,0.9078815579409377
Venezuela,VEN,2007,202405312,1542600,13438200,157929500,5939000,11809,1.0
Venezuela,VEN,2008,202214711,1491381,13010900,158952000,4799800,10815,0.9990583201689884
Venezuela,VEN,2009,197006412,1489730,15210400,153210700,4172000,12232,0.9733262929383988
Venezuela,VEN,2010,187003607,1484099,14011700,145258500,3479900,6991,0.9239066166405752
Venezuela,VEN,2011,185613207,1452000,17013400,141911100,2784800,6960,0.9170372317105986
Vietnam,VNM,2007,66964194,1858800,876294,58410080,162100,0,1.0
Vietnam,VNM,2008,63888127,1851670,1203137,54688499,153120,0,0.9540640032193921
Vietnam,VNM,2009,70256579,1778200,1488344,60446010,144035,0,1.0491663500048996
Vietnam,VNM,2010,71355556,2327650,1516246,59858402,141060,0,1.0655777623486367
Vietnam,VNM,2011,71908350,2352860,1626440,61012480,141050,0,1.0738328307214449
Yemen,YEM,2007,16884000,153000,0,16731000,0,0,1.0
Yemen,YEM,2008,15134000,173000,0,14961000,0,0,0.896351575456053
Yemen,YEM,2009,15209000,190000,0,14379800,0,0,0.9007936507936508
Yemen,YEM,2010,19323000,190000,0,14179200,0,0,1.144456289978678
Yemen,YEM,2011,18476000,190000,0,10775400,0,0,1.0942904524994077
Zambia,ZMB,2007,696628,128000,4335,14000,550292,1269,1.0
Zambia,ZMB,2008,713343,140000,4641,1000,567700,1693,1.0239941546994953
Zambia,ZMB,2009,845238,240000,3035,1000,601200,3108,1.213327629667484
Zambia,ZMB,2010,1040637,3.00E+05,7934,1000,731700,3409,1.4938202311707252
Zambia,ZMB,2011,988628,240000,8825,0,739800,3493,1.4191620204757776
Zimbabwe,ZWE,2007,2540932,820603,332628,2080000,2700,17616,1.0
Zimbabwe,ZWE,2008,1954485,839571,207296,1702000,2800,14295,0.7692000415595538
Zimbabwe,ZWE,2009,1779762,980596,92050,1667000,3600,17736,0.7004366901593588
Zimbabwe,ZWE,2010,2763402,8455006,238762,2500200,4629,25902,1.0875544878808248
Zimbabwe,ZWE,2011,3301564,85047703,277752,2996000,6555,33138,1.2993515765081474
