"","ccode","class_income","classifier","class_reg","class_subreg","year","rev_resrevgdp","rent_min","rent_coal","rent_gas","rent_oil","exp_eishare","price_brent","max_rent","gov_take","regressive_coeff"
"1","AGO","Upper middle income","Oil","Africa","Middle Africa",2000,45.2904,0,NA,1.33935909,139.1454684,99.179,28.5,139.1454684,32.548957950829,-0.0702232491156071
"2","AGO","Upper middle income","Oil","Africa","Middle Africa",2001,36.1481,0,NA,1.064328236,100.3571926,98.9536,24.44,100.3571926,36.0194412213958,-0.0702232491156071
"3","AGO","Upper middle income","Oil","Africa","Middle Africa",2002,27.0716,0,NA,0.540108588,83.76639562,98.8605,25.02,83.76639562,32.3179716634918,-0.0702232491156071
"4","AGO","Upper middle income","Oil","Africa","Middle Africa",2003,27.8493,0,NA,0.584929232,54.0998337,99.3532,28.83,54.0998337,51.477607407137,-0.0702232491156071
"5","AGO","Upper middle income","Oil","Africa","Middle Africa",2004,28.956,0,NA,0.484208622,56.13048739,99.502,38.27,56.13048739,51.5869384828443,-0.0702232491156071
"6","AGO","Upper middle income","Oil","Africa","Middle Africa",2005,35.388,0,NA,0.432778864,65.13416211,99.514,54.52,65.13416211,54.3309361072857,-0.0702232491156071
"7","AGO","Upper middle income","Oil","Africa","Middle Africa",2006,40.4495,0,NA,0.298236092,62.61716875,99.6633,65.14,62.61716875,64.598097945781,-0.0702232491156071
"8","AGO","Upper middle income","Oil","Africa","Middle Africa",2007,37.3388,0,NA,0.250259014,58.65732702,96.7158,72.39,58.65732702,63.655815730009,-0.0702232491156071
"9","AGO","Upper middle income","Oil","Africa","Middle Africa",2008,41.3565,0,NA,0.240457884,70.66782864,99.602,97.26,70.66782864,58.5223867718939,-0.0702232491156071
"10","AGO","Upper middle income","Oil","Africa","Middle Africa",2009,24.2859,0,NA,0.101666367,44.33736847,99.0654,61.67,44.33736847,54.7752400245237,-0.0702232491156071
"11","AGO","Upper middle income","Oil","Africa","Middle Africa",2010,33.1069,0,NA,0.071641687,46.63311704,99.097,79.5,46.63311704,70.9943964749391,-0.0702232491156071
"12","AGO","Upper middle income","Oil","Africa","Middle Africa",2011,39.6968,0,NA,0.059531471,46.34450134,99.7753,111.26,46.34450134,85.6559005970739,-0.0702232491156071
"13","ARE","High income","Oil","Asia","Western Asia",2000,21.1484,0,NA,4.601381734,18.2237892,78.1695,28.5,18.2237892,116.04831337711,0.474125384982531
"14","ARE","High income","Oil","Asia","Western Asia",2001,18.2975,0,NA,4.390320912,14.54288926,75.6137,24.44,14.54288926,125.817502099304,0.474125384982531
"15","ARE","High income","Oil","Asia","Western Asia",2002,14.1879,0,NA,3.332274092,13.05891062,69.6679,25.02,13.05891062,108.645356514432,0.474125384982531
"16","ARE","High income","Oil","Asia","Western Asia",2003,17.0337,0,NA,4.990580429,15.3968824,71.9798,28.83,15.3968824,110.630837837665,0.474125384982531
"17","ARE","High income","Oil","Asia","Western Asia",2004,18.727,0,NA,4.714599723,18.31379511,71.7478,38.27,18.31379511,102.256249387514,0.474125384982531
"18","ARE","High income","Oil","Asia","Western Asia",2005,23.4232,0,NA,6.139695605,22.05244002,71.811,54.52,22.05244002,106.215910705377,0.474125384982531
"19","ARE","High income","Oil","Asia","Western Asia",2006,27.1461,0,NA,5.060356759,23.43680341,75.4628,65.14,23.43680341,115.826802508474,0.474125384982531
"20","ARE","High income","Oil","Asia","Western Asia",2007,25.228,0,NA,4.553762515,21.87369429,74.6426,72.39,21.87369429,115.33488429311,0.474125384982531
"21","AUS","High income","Minerals","Oceania","Australia and New Zealand",2001,1.41179,1.466751891,0.031048726,1.062603391,0.981412697,44.6372,24.44,1.466751891,96.2528160803987,2.97490826020282
"22","AUS","High income","Minerals","Oceania","Australia and New Zealand",2002,1.16072,1.479400843,0,0.780523612,1.095805333,43.7833,25.02,1.479400843,78.4587899548736,2.97490826020282
"23","AUS","High income","Minerals","Oceania","Australia and New Zealand",2003,0.833954,1.546299313,0,1.116404788,1.016742036,44.1288,28.83,1.546299313,53.932249273398,2.97490826020282
"24","AUS","High income","Minerals","Oceania","Australia and New Zealand",2004,0.725637,1.894671095,0.823143941,0.945880289,0.916758061,44.9613,38.27,1.894671095,38.2988372976683,2.97490826020282
"25","AUS","High income","Minerals","Oceania","Australia and New Zealand",2005,0.898817,3.074004059,0.461693082,1.292866798,1.102277777,52.8991,54.52,3.074004059,29.2392912549502,2.97490826020282
"26","AUS","High income","Minerals","Oceania","Australia and New Zealand",2006,0.952583,4.50338535,0.467787896,1.217816363,1.103790096,57.1783,65.14,4.50338535,21.152598011627,2.97490826020282
"27","AUS","High income","Minerals","Oceania","Australia and New Zealand",2007,0.802509,4.882686826,0.994231407,1.121939406,1.21118819,58.5697,72.39,4.882686826,16.435807345388,2.97490826020282
"28","AUS","High income","Minerals","Oceania","Australia and New Zealand",2008,0.997229,5.604830423,2.683317976,1.405408041,1.244954419,66.3914,97.26,5.604830423,17.7923134999369,2.97490826020282
"29","AUS","High income","Minerals","Oceania","Australia and New Zealand",2009,1.31697,5.14230062,1.165447828,0.787414518,0.875320783,65.0696,61.67,5.14230062,25.6105213856595,2.97490826020282
"30","AZE","Upper middle income","Oil","Asia","Western Asia",2000,5.42417,0,NA,11.84347821,43.9315767,80.8094,28.5,43.9315767,12.3468593832645,-1.14642188929812
"31","AZE","Upper middle income","Oil","Asia","Western Asia",2001,2.79754,0,NA,9.776719658,35.05896365,88.7506,24.44,35.05896365,7.97952851067804,-1.14642188929812
"32","AZE","Upper middle income","Oil","Asia","Western Asia",2002,10.941,0,NA,5.820222435,33.66378878,86.8298,25.02,33.66378878,32.5007980281179,-1.14642188929812
"33","AZE","Upper middle income","Oil","Asia","Western Asia",2003,11.3144,0,NA,8.641897537,34.73765037,86.0365,28.83,34.73765037,32.5709997063339,-1.14642188929812
"34","AZE","Upper middle income","Oil","Asia","Western Asia",2004,10.1259,0.003334077,NA,7.95003119,40.21977295,81.9846,38.27,40.21977295,25.1764225834597,-1.14642188929812
"35","AZE","Upper middle income","Oil","Asia","Western Asia",2005,9.75205,0.002116299,NA,9.359814883,55.65889798,80.183,54.52,55.65889798,17.5210978907707,-1.14642188929812
"36","AZE","Upper middle income","Oil","Asia","Western Asia",2006,14.2283,0.002678437,NA,6.66540143,61.80049585,90.2547,65.14,61.80049585,23.022954434758,-1.14642188929812
"37","AZE","Upper middle income","Oil","Asia","Western Asia",2007,15.1803,0.002947778,NA,6.867080619,55.76653097,91.5552,72.39,55.76653097,27.2211660577674,-1.14642188929812
"38","AZE","Upper middle income","Oil","Asia","Western Asia",2008,38.4154,0.006266976,NA,10.42620347,53.07226077,95.9448,97.26,53.07226077,72.3831987608015,-1.14642188929812
"39","AZE","Upper middle income","Oil","Asia","Western Asia",2009,27.3592,0.016639299,NA,4.611292383,37.78422986,92.3287,61.67,37.78422986,72.4090449940959,-1.14642188929812
"40","AZE","Upper middle income","Oil","Asia","Western Asia",2010,34.4911,0.102807743,NA,3.524997282,42.1619427,93.8033,79.5,42.1619427,81.8062399197749,-1.14642188929812
"41","BHR","High income","Oil","Asia","Western Asia",2000,25.521,0,NA,8.887885689,20.59789362,75.5786,28.5,20.59789362,123.901018574151,-2.74823423243074
"42","BHR","High income","Oil","Asia","Western Asia",2001,22.4253,0,NA,8.963431694,16.63961756,70.6913,24.44,16.63961756,134.770525338925,-2.74823423243074
"43","BHR","High income","Oil","Asia","Western Asia",2002,21.6561,0,NA,6.422304203,16.0661095,67.7193,25.02,16.0661095,134.793678581613,-2.74823423243074
"44","BHR","High income","Oil","Asia","Western Asia",2003,22.8131,0,NA,9.529184101,16.99113827,64.3875,28.83,16.99113827,134.264695145701,-2.74823423243074
"45","BHR","High income","Oil","Asia","Western Asia",2004,22.3413,0,NA,9.277500604,19.936025,71.417,38.27,19.936025,112.064967815801,-2.74823423243074
"46","BHR","High income","Oil","Asia","Western Asia",2005,25.0029,0,NA,13.10394547,23.98943832,74.6172,54.52,23.98943832,104.224616126819,-2.74823423243074
"47","BHR","High income","Oil","Asia","Western Asia",2006,23.7674,0,NA,11.69563867,24.22003651,76.3202,65.14,24.22003651,98.1311485231944,-2.74823423243074
"48","BHR","High income","Oil","Asia","Western Asia",2007,23.4752,0,NA,10.70759631,23.01609225,71.4606,72.39,23.01609225,101.994725016798,-2.74823423243074
"49","BHR","High income","Oil","Asia","Western Asia",2008,27.6632,0,NA,14.26142569,26.53038008,71.3868,97.26,26.53038008,104.269897063608,-2.74823423243074
"50","BHR","High income","Oil","Asia","Western Asia",2009,19.8106,0,NA,7.307597623,17.43049059,64.2873,61.67,17.43049059,113.654861850908,-2.74823423243074
"51","BHR","High income","Oil","Asia","Western Asia",2010,21.9827,0,NA,5.859696912,19.20932707,71.6208,79.5,19.20932707,114.437637091053,-2.74823423243074
"52","BOL","Lower middle income","Gas","Latin America and the Caribbean","South America",2006,10.2209,3.869084843,NA,24.76659219,8.539571702,75.0293,65.14,24.76659219,41.2688993366108,-4.04605588376039
"53","BOL","Lower middle income","Gas","Latin America and the Caribbean","South America",2007,9.89498,4.257850853,NA,22.98623211,8.278270679,76.5007,72.39,22.98623211,43.0474205282877,-4.04605588376039
"54","BOL","Lower middle income","Gas","Latin America and the Caribbean","South America",2008,14.0082,2.612193809,NA,28.05789595,8.55196821,76.5394,97.26,28.05789595,49.9260529904417,-4.04605588376039
"55","BOL","Lower middle income","Gas","Latin America and the Caribbean","South America",2009,13.5379,2.280423934,NA,9.60235734,4.057159945,69.3854,61.67,9.60235734,140.985171876555,-4.04605588376039
"56","BOL","Lower middle income","Gas","Latin America and the Caribbean","South America",2010,10.7747,3.874484759,NA,8.940715754,4.976647853,75.3098,79.5,8.940715754,120.512722878809,-4.04605588376039
"57","BOL","Lower middle income","Gas","Latin America and the Caribbean","South America",2011,11.8836,6.289227442,NA,8.589304597,5.414128768,81.8006,111.26,8.589304597,138.353458837059,-4.04605588376039
"58","COD","Low income","Minerals","Africa","Middle Africa",2000,0.625746,0.423928665,0,NA,4.793687909,85.2181,28.5,4.793687909,13.0535406534326,-4.95353294467739
"59","COD","Low income","Minerals","Africa","Middle Africa",2001,0.618182,0.304218695,0.018067805,NA,3.847334111,80.2666,24.44,3.847334111,16.0678012921348,-4.95353294467739
"60","COD","Low income","Minerals","Africa","Middle Africa",2002,2.05368,0.349825263,0.0052026,NA,3.121970212,92.2323,25.02,3.121970212,65.7815373159621,-4.95353294467739
"61","COD","Low income","Minerals","Africa","Middle Africa",2003,2.00294,0.770055834,0.002829182,NA,4.008346817,86.2298,28.83,4.008346817,49.9692289974817,-4.95353294467739
"62","COD","Low income","Minerals","Africa","Middle Africa",2004,2.54172,2.556743305,0.043011763,NA,5.135981144,77.5684,38.27,5.135981144,49.4884994460953,-4.95353294467739
"63","COD","Low income","Minerals","Africa","Middle Africa",2005,3.58291,3.970415964,0.032682803,NA,6.140107754,82.5761,54.52,6.140107754,58.3525590029898,-4.95353294467739
"64","COD","Low income","Minerals","Africa","Middle Africa",2006,4.1819,10.65678361,0.028278846,0.010685095,5.937084792,75.4606,65.14,10.65678361,39.2416713432732,-4.95353294467739
"65","COD","Low income","Minerals","Africa","Middle Africa",2007,4.34718,9.873002036,0.043962633,0.019388114,5.641638365,74.2809,72.39,9.873002036,44.030984538936,-4.95353294467739
"66","COD","Low income","Minerals","Africa","Middle Africa",2008,5.1493,12.38949107,0.104373778,0.024489713,6.307111148,74.3108,97.26,12.38949107,41.5618363248879,-4.95353294467739
"67","COD","Low income","Minerals","Africa","Middle Africa",2009,4.20061,11.71934091,0.048684859,0.011478273,3.674372305,78.7969,61.67,11.71934091,35.843397954365,-4.95353294467739
"68","COD","Low income","Minerals","Africa","Middle Africa",2010,5.02119,17.72098439,0.070251411,0.009142949,4.123837269,79.7486,79.5,17.72098439,28.3347126180726,-4.95353294467739
"69","COD","Low income","Minerals","Africa","Middle Africa",2011,5.85585,21.96592142,0.071375229,0.008701994,4.385443806,84.2418,111.26,21.96592142,26.6587951765513,-4.95353294467739
"70","DZA","Upper middle income","Oil","Africa","Northern Africa",2000,29.5994,0.043326679,0,18.47399628,13.74102582,98.3324,28.5,18.47399628,160.22196579115,-1.78718853586773
"71","DZA","Upper middle income","Oil","Africa","Northern Africa",2001,23.6891,0.037335084,0,16.51887458,11.0480275,97.9269,24.44,16.51887458,143.40625861208,-1.78718853586773
"72","DZA","Upper middle income","Oil","Africa","Northern Africa",2002,22.2898,0.037022966,NA,12.07727056,12.21771988,97.2704,25.02,12.21771988,182.438296334553,-1.78718853586773
"73","DZA","Upper middle income","Oil","Africa","Northern Africa",2003,25.7261,0.041413137,NA,17.49918861,14.5981264,98.4227,28.83,17.49918861,147.013101997762,-1.78718853586773
"74","DZA","Upper middle income","Oil","Africa","Northern Africa",2004,25.5985,0.04696263,NA,14.996289,17.04515043,98.5728,38.27,17.04515043,150.180546103869,-1.78718853586773
"75","DZA","Upper middle income","Oil","Africa","Northern Africa",2005,31.1864,0.083463133,NA,21.11812527,21.60786842,98.888,54.52,21.60786842,144.328905534866,-1.78718853586773
"76","DZA","Upper middle income","Oil","Africa","Northern Africa",2006,32.8498,0.135848094,NA,17.57757631,23.07750843,98.7815,65.14,23.07750843,142.345522696446,-1.78718853586773
"77","DZA","Upper middle income","Oil","Africa","Northern Africa",2007,30.0531,0.133195393,NA,14.96243041,22.01059657,98.89,72.39,22.01059657,136.539234202138,-1.78718853586773
"78","DZA","Upper middle income","Oil","Africa","Northern Africa",2008,37.1901,0.466478853,NA,17.51888457,23.08234119,98.7924,97.26,23.08234119,161.119271627923,-1.78718853586773
"79","DZA","Upper middle income","Oil","Africa","Northern Africa",2009,24.0447,0.158039918,NA,9.509141142,15.51521008,98.8387,61.67,15.51521008,154.975020486477,-1.78718853586773
"80","DZA","Upper middle income","Oil","Africa","Northern Africa",2010,24.1091,0.221522308,0,7.708298263,16.91673044,98.6069,79.5,16.91673044,142.516310025213,-1.78718853586773
"81","ECU","Upper middle income","Oil","Latin America and the Caribbean","South America",2000,8.9726,0.000220843,NA,0.237463632,22.13110995,51.0242,28.5,22.13110995,40.5429281236751,-0.834856306905753
"82","ECU","Upper middle income","Oil","Latin America and the Caribbean","South America",2001,6.35143,2.88e-05,NA,0.171633247,13.76260976,41.2682,24.44,13.76260976,46.1498953378738,-0.834856306905753
"83","ECU","Upper middle income","Oil","Latin America and the Caribbean","South America",2002,5.6356,2.1e-05,NA,0.075860188,11.65020604,41.4058,25.02,11.65020604,48.3733934030921,-0.834856306905753
"84","ECU","Upper middle income","Oil","Latin America and the Caribbean","South America",2003,5.85598,0.023022832,NA,0.221165836,12.99196895,43.5534,28.83,12.99196895,45.0738454081666,-0.834856306905753
"85","ECU","Upper middle income","Oil","Latin America and the Caribbean","South America",2004,6.47985,0.020114922,NA,0.255981089,19.40263679,56.0894,38.27,19.40263679,33.3967494734513,-0.834856306905753
"86","ECU","Upper middle income","Oil","Latin America and the Caribbean","South America",2005,5.98661,0.029180766,NA,0.286459168,25.36576355,60.1124,54.52,25.36576355,23.6011424935008,-0.834856306905753
"87","ECU","Upper middle income","Oil","Latin America and the Caribbean","South America",2006,7.74968,0.085267276,NA,0.396661971,27.44249437,60.2718,65.14,27.44249437,28.2397069869564,-0.834856306905753
"88","ECU","Upper middle income","Oil","Latin America and the Caribbean","South America",2007,7.2917,0.063468082,NA,0.369271921,26.39807791,61.2716,72.39,26.39807791,27.622086823366,-0.834856306905753
"89","ECU","Upper middle income","Oil","Latin America and the Caribbean","South America",2008,9.78596,0.020137353,NA,0.285741552,30.226846,63.4145,97.26,30.226846,32.3750615595157,-0.834856306905753
"90","ECU","Upper middle income","Oil","Latin America and the Caribbean","South America",2009,4.93446,0.071796252,NA,0.130165657,17.18878078,51.1138,61.67,17.18878078,28.7074462299356,-0.834856306905753
"91","ECU","Upper middle income","Oil","Latin America and the Caribbean","South America",2010,7.57359,0.08797614,NA,0.119304495,20.40730023,56.3267,79.5,20.40730023,37.112160426132,-0.834856306905753
"92","ECU","Upper middle income","Oil","Latin America and the Caribbean","South America",2011,11.5394,0.014306085,NA,0.113991314,25.59743028,58.9885,111.26,25.59743028,45.0803063970685,-0.834856306905753
"93","GBR","High income","Oil","Europe","Northern Europe",2000,0.402445,0,0,0.870329816,1.334152821,13.0058,28.5,1.334152821,30.1648352171794,-11.8114616089544
"94","GBR","High income","Oil","Europe","Northern Europe",2001,0.501945,0,0.006439324,0.807214859,0.999659844,11.2149,24.44,0.999659844,50.2115797701283,-11.8114616089544
"95","GBR","High income","Oil","Europe","Northern Europe",2002,0.477325,0,0,0.507775154,0.925903197,12.4289,25.02,0.925903197,51.5523654682877,-11.8114616089544
"96","GBR","High income","Oil","Europe","Northern Europe",2003,0.388853,0,0,0.755275654,0.873725614,12.8737,28.83,0.873725614,44.5051620061581,-11.8114616089544
"97","GBR","High income","Oil","Europe","Northern Europe",2004,0.406863,6.83e-06,0.02184681,0.650573626,0.906187857,13.8406,38.27,0.906187857,44.8983063342902,-11.8114616089544
"98","GBR","High income","Oil","Europe","Northern Europe",2005,0.659416,8.04e-06,0.01135362,0.922973955,1.123902784,14.6085,54.52,1.123902784,58.6719785187399,-11.8114616089544
"99","GBR","High income","Oil","Europe","Northern Europe",2006,0.675807,1.36e-05,0.010013805,0.748759721,1.151349078,14.6737,65.14,1.151349078,58.6969680102528,-11.8114616089544
"100","GBR","High income","Oil","Europe","Northern Europe",2007,0.552854,3.4e-05,0.016123877,0.576660182,1.110077788,16.4371,72.39,1.110077788,49.803176495952,-11.8114616089544
"101","GBR","High income","Oil","Europe","Northern Europe",2008,0.805216,0.000130576,0.056720698,0.885088455,1.519478934,19.6099,97.26,1.519478934,52.9929031579453,-11.8114616089544
"102","GBR","High income","Oil","Europe","Northern Europe",2009,0.581087,0.000201027,0.02708315,0.368883371,0.995568283,15.7424,61.67,0.995568283,58.3673676554841,-11.8114616089544
"103","GBR","High income","Oil","Europe","Northern Europe",2010,0.561048,0.000249381,0.047122288,0.304824838,1.181271476,18.2714,79.5,1.181271476,47.4952634850551,-11.8114616089544
"104","GNQ","High income","Oil","Africa","Middle Africa",2000,15.2915,0,NA,NA,64.19408067,87.8964,28.5,64.19408067,23.8207321304411,-0.230251830777008
"105","GNQ","High income","Oil","Africa","Middle Africa",2001,22.4813,0.007883483,NA,NA,73.56131708,89.3355,24.44,73.56131708,30.5613070733235,-0.230251830777008
"106","GNQ","High income","Oil","Africa","Middle Africa",2002,22.6075,0.029683552,NA,NA,79.01800512,90.4097,25.02,79.01800512,28.6105678897706,-0.230251830777008
"107","GNQ","High income","Oil","Africa","Middle Africa",2003,23.185,0.013774437,NA,NA,78.89792022,88.8999,28.83,78.89792022,29.386072453305,-0.230251830777008
"108","GNQ","High income","Oil","Africa","Middle Africa",2004,26.4157,0.00149355,NA,NA,79.51369636,93.3433,38.27,79.51369636,33.2215721432473,-0.230251830777008
"109","GNQ","High income","Oil","Africa","Middle Africa",2005,31.7364,0,NA,NA,75.07370837,94.0178,54.52,75.07370837,42.2736543712314,-0.230251830777008
"110","GNQ","High income","Oil","Africa","Middle Africa",2006,37.4892,0,NA,NA,74.27804397,95.3968,65.14,74.27804397,50.4714421601374,-0.230251830777008
"111","GNQ","High income","Oil","Africa","Middle Africa",2007,33.9108,0,NA,NA,63.9897362,91.4704,72.39,63.9897362,52.9941237669925,-0.230251830777008
"112","GNQ","High income","Oil","Africa","Middle Africa",2008,34.5959,0,NA,NA,59.61883487,96.8639,97.26,59.61883487,58.0284738462887,-0.230251830777008
"113","GNQ","High income","Oil","Africa","Middle Africa",2009,37.1389,0,NA,NA,46.24574345,96.374,61.67,46.24574345,80.307715325528,-0.230251830777008
"114","GNQ","High income","Oil","Africa","Middle Africa",2010,26.3747,0,NA,NA,45.643482,94.6173,79.5,45.643482,57.7841541537081,-0.230251830777008
"115","GNQ","High income","Oil","Africa","Middle Africa",2011,25.3761,0,NA,NA,41.05321505,95.8495,111.26,41.05321505,61.8126983942516,-0.230251830777008
"116","IDN","Lower middle income","Oil","Asia","Southeast Asia",2000,6.12418,1.440120639,0.074594211,4.288103313,6.429433202,30.8203,28.5,6.429433202,95.2522533105244,-5.63928618528914
"117","IDN","Lower middle income","Oil","Asia","Southeast Asia",2001,6.32578,1.328752226,0.693957574,3.941541609,4.928176218,31.5835,24.44,4.928176218,128.359452263401,-5.63928618528914
"118","IDN","Lower middle income","Oil","Asia","Southeast Asia",2002,4.27261,1.262989568,0.320494074,2.29972079,3.823770959,30.0989,25.02,3.823770959,111.738125683066,-5.63928618528914
"119","IDN","Lower middle income","Oil","Asia","Southeast Asia",2003,3.99047,1.279058379,0.252924023,3.851684119,3.56560698,31.915,28.83,3.851684119,103.603251894811,-5.63928618528914
"120","IDN","Lower middle income","Oil","Asia","Southeast Asia",2004,4.71323,1.560031309,1.664446267,3.676242037,4.305830512,32.684,38.27,4.305830512,109.461577432382,-5.63928618528914
"121","IDN","Lower middle income","Oil","Asia","Southeast Asia",2005,5.00044,2.073662669,1.402770557,5.598197651,5.68023621,36.392,54.52,5.68023621,88.0322545600617,-5.63928618528914
"122","IDN","Lower middle income","Oil","Asia","Southeast Asia",2006,6.02776,2.591031871,1.555153353,4.067095092,5.126246285,37.8739,65.14,5.126246285,117.586234934477,-5.63928618528914
"123","IDN","Lower middle income","Oil","Asia","Southeast Asia",2007,4.26464,3.346167044,2.241200277,3.188380687,4.499853943,36.8753,72.39,4.499853943,94.7728538308249,-5.63928618528914
"124","IDN","Lower middle income","Oil","Asia","Southeast Asia",2008,5.83257,1.725205137,4.759499125,4.228697344,5.413708932,37.5672,97.26,5.413708932,107.737044478401,-5.63928618528914
"125","IDN","Lower middle income","Oil","Asia","Southeast Asia",2009,3.13678,1.813691116,2.418315201,1.335380396,2.645277625,38.1889,61.67,2.645277625,118.580370179482,-5.63928618528914
"126","IDN","Lower middle income","Oil","Asia","Southeast Asia",2010,3.28798,1.97053003,3.249489816,0.905499038,2.709127979,40.1968,79.5,3.249489816,101.184499296181,-5.63928618528914
"127","IDN","Lower middle income","Oil","Asia","Southeast Asia",2011,3.58879,1.61941771,3.980029391,0.802210888,2.957076673,42.7314,111.26,3.980029391,90.1699371395421,-5.63928618528914
"128","IRN","Upper middle income","Oil","Asia","Southern Asia",2000,16.4048,0.200573417,0.013757883,7.279600024,34.41498931,88.9557,28.5,34.41498931,47.6676016146059,-0.660159755236919
"129","IRN","Upper middle income","Oil","Asia","Southern Asia",2001,11.8279,0.150483499,0.018557694,6.426639902,23.89305793,87.0791,24.44,23.89305793,49.5035002830213,-0.660159755236919
"130","IRN","Upper middle income","Oil","Asia","Southern Asia",2002,15.8643,0.153338081,0.01430006,5.376173371,23.7424541,85.5106,25.02,23.7424541,66.818282276894,-0.660159755236919
"131","IRN","Upper middle income","Oil","Asia","Southern Asia",2003,16.7411,0.198793616,0.013303033,8.45093701,26.46864473,87.0392,28.83,26.46864473,63.2487993653312,-0.660159755236919
"132","IRN","Upper middle income","Oil","Asia","Southern Asia",2004,17.5985,0.317974831,0.030937862,8.621644813,29.74163604,86.8969,38.27,29.74163604,59.1712573455324,-0.660159755236919
"133","IRN","Upper middle income","Oil","Asia","Southern Asia",2005,21.5306,0.582377631,0.028659018,12.61001191,38.32612745,87.4395,54.52,38.32612745,56.1773428011705,-0.660159755236919
"134","IRN","Upper middle income","Oil","Asia","Southern Asia",2006,21.0103,1.253969058,0.026970504,11.61816398,40.28698604,88.9083,65.14,40.28698604,52.1515806100247,-0.660159755236919
"135","IRN","Upper middle income","Oil","Asia","Southern Asia",2007,20.3852,1.184059874,0.030148653,10.21800129,34.99250944,88.2236,72.39,34.99250944,58.2558962653237,-0.660159755236919
"136","IRN","Upper middle income","Oil","Asia","Southern Asia",2008,16.6662,1.471797012,0.052421751,13.19760562,39.88777448,88.4082,97.26,39.88777448,41.7827272071961,-0.660159755236919
"137","IRN","Upper middle income","Oil","Asia","Southern Asia",2009,13.7379,0.874040945,0.020101844,6.787740812,23.45801663,86.1699,61.67,23.45801663,58.5637746646955,-0.660159755236919
"138","IRQ","Upper middle income","Oil","Asia","Western Asia",2004,67.216,0,NA,0.600577907,96.59976089,97.3234,38.27,96.59976089,69.5819527716431,-0.435729556539133
"139","IRQ","Upper middle income","Oil","Asia","Western Asia",2005,73.5288,0,NA,1.402817724,105.950004,97.3161,54.52,105.950004,69.3995254591968,-0.435729556539133
"140","IRQ","Upper middle income","Oil","Asia","Western Asia",2006,66.1156,0,NA,1.34746977,92.51848724,97.1097,65.14,92.51848724,71.4620417738685,-0.435729556539133
"141","IRQ","Upper middle income","Oil","Asia","Western Asia",2007,65.9427,0,NA,0.974872358,83.95839624,97.6838,72.39,83.95839624,78.5421148487626,-0.435729556539133
"142","IRQ","Upper middle income","Oil","Asia","Western Asia",2008,71.6087,0.002977318,NA,1.320740511,85.39357086,99.0476,97.26,85.39357086,83.8572497657934,-0.435729556539133
"143","IRQ","Upper middle income","Oil","Asia","Western Asia",2009,60.658,0.001845764,NA,1.222044266,70.55025598,98.5239,61.67,70.55025598,85.978426523634,-0.435729556539133
"144","IRQ","Upper middle income","Oil","Asia","Western Asia",2010,61.7372,0,NA,1.001767345,73.59282102,98.6803,79.5,73.59282102,83.890247913206,-0.435729556539133
"145","IRQ","Upper middle income","Oil","Asia","Western Asia",2011,61.7468,0,NA,0.808827904,77.69626655,99.1094,111.26,77.69626655,79.4720296634382,-0.435729556539133
"146","KAZ","Upper middle income","Oil","Asia","Central Asia",2002,4.29596,1.147506245,3.838501253,3.651556293,28.62684648,76.2558,25.02,28.62684648,15.0067525006687,0.00834167412041488
"147","KAZ","Upper middle income","Oil","Asia","Central Asia",2003,5.81167,1.264041,3.345564854,5.638350211,29.57593079,75.5328,28.83,29.57593079,19.6499986467543,0.00834167412041488
"148","KAZ","Upper middle income","Oil","Asia","Central Asia",2004,6.94395,1.925012386,7.37650781,5.830190819,33.04881783,79.5575,38.27,33.04881783,21.011190281356,0.00834167412041488
"149","KAZ","Upper middle income","Oil","Asia","Central Asia",2005,10.1651,2.142227629,4.680913483,7.873816271,37.5192917,84.2579,54.52,37.5192917,27.0929954682487,0.00834167412041488
"150","KAZ","Upper middle income","Oil","Asia","Central Asia",2006,8.98096,4.432673724,3.77761244,5.676928072,34.13873176,85.057,65.14,34.13873176,26.3072455741396,0.00834167412041488
"151","KAZ","Upper middle income","Oil","Asia","Central Asia",2007,9.23697,3.496461978,4.329901536,4.894215135,29.74760934,81.5052,72.39,29.74760934,31.0511338723934,0.00834167412041488
"152","KAZ","Upper middle income","Oil","Asia","Central Asia",2008,10.7688,2.500318016,8.65588597,6.493829036,33.82122188,81.3896,97.26,33.82122188,31.8403635392253,0.00834167412041488
"153","KAZ","Upper middle income","Oil","Asia","Central Asia",2009,8.81775,2.053027976,4.320895802,3.732270922,24.72224504,82.3517,61.67,24.72224504,35.6672704510982,0.00834167412041488
"154","KAZ","Upper middle income","Oil","Asia","Central Asia",2010,11.2241,2.580159274,5.526947865,2.826046869,26.32866471,84.4882,79.5,26.32866471,42.6307225361753,0.00834167412041488
"155","KAZ","Upper middle income","Oil","Asia","Central Asia",2011,11.0968,2.455957658,5.7893778,2.464694488,27.4884312,85.9963,111.26,27.4884312,40.368982570384,0.00834167412041488
"156","KGZ","Low income","Oil","Asia","Central Asia",2000,0.149485,0.754831008,0.112769113,0.258069792,0.938913761,40.0374,28.5,0.938913761,15.9210575251117,NA
"157","KWT","High income","Oil","Asia","Western Asia",2003,42.7137,0,NA,3.006052866,41.56466404,88.9918,28.83,41.56466404,102.764453861324,0.141197245293101
"158","KWT","High income","Oil","Asia","Western Asia",2004,49.9155,0,NA,2.864337483,48.80201075,89.6742,38.27,48.80201075,102.281646253684,0.141197245293101
"159","KWT","High income","Oil","Asia","Western Asia",2005,57.2535,0,NA,3.701511825,58.07896329,91.3097,54.52,58.07896329,98.5787224095611,0.141197245293101
"160","KWT","High income","Oil","Asia","Western Asia",2006,53.4062,0,NA,2.900563568,57.38189384,93.2751,65.14,57.38189384,93.0715186029141,0.141197245293101
"161","KWT","High income","Oil","Asia","Western Asia",2008,53.5388,0,NA,2.997948036,60.67307899,91.3301,97.26,60.67307899,88.2414423187987,0.141197245293101
"162","NGA","Lower middle income","Oil","Africa","Western Africa",2000,34.8837,0,0,3.106268375,41.8455142,97.4423,28.5,41.8455142,83.3630573477336,0.817995637812287
"163","NGA","Lower middle income","Oil","Africa","Western Africa",2001,35.301,0,5.35e-05,3.392243755,34.39860225,95.8512,24.44,34.39860225,102.623355866153,0.817995637812287
"164","NGA","Lower middle income","Oil","Africa","Western Africa",2002,20.7062,7.89e-05,0.000205701,1.899087913,24.39969686,92.9521,25.02,24.39969686,84.8625297224287,0.817995637812287
"165","NGA","Lower middle income","Oil","Africa","Western Africa",2003,24.0889,0.000167997,5.19e-05,3.95417745,28.94637686,94.134,28.83,28.94637686,83.2190505793062,0.817995637812287
"166","NGA","Lower middle income","Oil","Africa","Western Africa",2004,28.7381,0.00010309,0.000236148,3.620841155,32.64212611,94.8299,38.27,32.64212611,88.0399147505162,0.817995637812287
"167","NGA","Lower middle income","Oil","Africa","Western Africa",2005,30.6429,0.00010327,0.000139587,4.552776912,37.59949329,96.2515,54.52,37.59949329,81.4981727643383,0.817995637812287
"168","NGA","Lower middle income","Oil","Africa","Western Africa",2006,27.5225,0.000241092,0.000111597,4.312460126,33.24831041,97.0184,65.14,33.24831041,82.7786424651586,0.817995637812287
"169","NGA","Lower middle income","Oil","Africa","Western Africa",2007,20.373,0.001326951,0.000167136,4.27903887,29.64153798,95.9831,72.39,29.64153798,68.7312514409551,0.817995637812287
"170","NGA","Lower middle income","Oil","Africa","Western Africa",2008,25.7926,0.001891426,0.000359307,4.942019714,31.26869251,95.5769,97.26,31.26869251,82.4869795619094,0.817995637812287
"171","NGA","Lower middle income","Oil","Africa","Western Africa",2009,10.5963,0.007083507,0.000191734,1.94606223,22.54044139,93.7033,61.67,22.54044139,47.0101708154704,0.817995637812287
"172","NGA","Lower middle income","Oil","Africa","Western Africa",2010,13.9942,0.007750769,0.000231802,1.887741494,25.11998625,93.527,79.5,25.11998625,55.7094253982723,0.817995637812287
"173","NGA","Lower middle income","Oil","Africa","Western Africa",2011,23.0806,0.011253349,0.000277533,2.101540237,32.91652679,94.7414,111.26,32.91652679,70.118576444134,0.817995637812287
"174","NOR","High income","Oil","Europe","Northern Europe",2000,14.5914,0.003079606,0,3.620718925,15.63308104,69.451,28.5,15.63308104,93.3366875196599,-9.75624181189167
"175","NOR","High income","Oil","Europe","Northern Europe",2001,14.063,0,0.003137992,3.626758216,12.48044234,67.4386,24.44,12.48044234,112.680301041317,-9.75624181189167
"176","NOR","High income","Oil","Europe","Northern Europe",2003,13.5745,0,0,4.475954439,10.83373762,67.3884,28.83,10.83373762,125.298400940967,-9.75624181189167
"177","NOR","High income","Oil","Europe","Northern Europe",2004,12.3306,0.000812482,0.021846356,4.424157374,11.96146961,70.2393,38.27,11.96146961,103.085995300205,-9.75624181189167
"178","NOR","High income","Oil","Europe","Northern Europe",2005,11.0334,0.00644282,0.006302697,6.586612362,13.68217909,73.1714,54.52,13.68217909,80.6406635041349,-9.75624181189167
"179","NOR","High income","Oil","Europe","Northern Europe",2006,9.91072,0.00890341,0.009569515,5.739207695,13.67760726,74.5305,65.14,13.67760726,72.4594573568711,-9.75624181189167
"180","NOR","High income","Oil","Europe","Northern Europe",2007,9.37083,0.008763437,0.02851189,4.981320848,12.53737322,72.2691,72.39,12.53737322,74.7431685694047,-9.75624181189167
"181","NOR","High income","Oil","Europe","Northern Europe",2008,8.44298,0.015282726,0.064494817,7.177809591,14.3566056,73.7807,97.26,14.3566056,58.8090265570853,-9.75624181189167
"182","NOR","High income","Oil","Europe","Northern Europe",2009,9.1714,0.01196932,0.023990689,3.626980113,9.162372111,67.7134,61.67,9.162372111,100.098532223868,-9.75624181189167
"183","NOR","High income","Oil","Europe","Northern Europe",2010,8.56575,0.018778366,0.027641847,2.992804746,10.03726253,69.7709,79.5,10.03726253,85.3395034193651,-9.75624181189167
"184","NOR","High income","Oil","Europe","Northern Europe",2011,8.03484,0.019431412,0.022106315,2.663547305,10.77507422,73.5351,111.26,10.77507422,74.5687671003346,-9.75624181189167
"185","OMN","High income","Oil","Asia","Western Asia",2000,42.4109,0.001303317,NA,6.372771982,42.31300985,87.4845,28.5,42.31300985,100.231347640707,-1.01430452217355
"186","OMN","High income","Oil","Asia","Western Asia",2001,38.8516,0.001933184,NA,5.878269315,34.12441,82.6285,24.44,34.12441,113.852810935046,-1.01430452217355
"187","OMN","High income","Oil","Asia","Western Asia",2002,37.1924,0.00182172,NA,4.820532487,32.49472044,78.9877,25.02,32.49472044,114.456747115809,-1.01430452217355
"188","OMN","High income","Oil","Asia","Western Asia",2003,36.5471,0.001441055,NA,9.06225471,33.14819309,82.9907,28.83,33.14819309,110.253671748477,-1.01430452217355
"189","OMN","High income","Oil","Asia","Western Asia",2004,38.0314,0.003346885,NA,9.7190158,37.88780063,84.8506,38.27,37.88780063,100.379012155924,-1.01430452217355
"190","OMN","High income","Oil","Asia","Western Asia",2005,41.5387,0.005946096,NA,13.39654279,44.03679338,85.9741,54.52,44.03679338,94.3272586665346,-1.01430452217355
"191","OMN","High income","Oil","Asia","Western Asia",2006,42.1869,0.004905756,NA,15.3493606,42.68125867,86.6937,65.14,42.68125867,98.841742991175,-1.01430452217355
"192","OMN","High income","Oil","Asia","Western Asia",2007,37.3087,0.003571298,NA,13.44565424,39.69651185,82.6519,72.39,39.69651185,93.9848320703271,-1.01430452217355
"193","OMN","High income","Oil","Asia","Western Asia",2008,40.55,0.001282306,NA,14.06538606,40.4373586,82.0727,97.26,40.4373586,100.27855775921,-1.01430452217355
"194","OMN","High income","Oil","Asia","Western Asia",2009,31.2465,0.001247327,NA,7.578140979,31.60433861,78.3742,61.67,31.60433861,98.8677547902022,-1.01430452217355
"195","OMN","High income","Oil","Asia","Western Asia",2010,33.9481,0,NA,5.995655395,36.12800228,77.8797,79.5,36.12800228,93.9661698892032,-1.01430452217355
"196","OMN","High income","Oil","Asia","Western Asia",2011,37.3113,0,NA,5.064005188,40.21141584,76.6851,111.26,40.21141584,92.7878295767066,-1.01430452217355
"197","PHL","Lower middle income","Minerals","Asia","Southeast Asia",2007,0.126677,2.413898278,0.088461395,0.559621144,0.007801347,8.63473,72.39,2.413898278,5.24781848326088,-3.36252396209107
"198","PHL","Lower middle income","Minerals","Asia","Southeast Asia",2008,0.0838189,1.172268618,0.2029455,0.745392481,0.048326891,9.26117,97.26,1.172268618,7.15014449017691,-3.36252396209107
"199","PHL","Lower middle income","Minerals","Asia","Southeast Asia",2009,0.140359,1.379872929,0.124747414,0.352420142,0.088154463,6.38269,61.67,1.379872929,10.1718786599951,-3.36252396209107
"200","PHL","Lower middle income","Minerals","Asia","Southeast Asia",2010,0.131601,2.210313569,0.235866146,0.263938877,0.102185862,6.58173,79.5,2.210313569,5.95395159518201,-3.36252396209107
"201","PHL","Lower middle income","Minerals","Asia","Southeast Asia",2011,0.0753991,2.630274696,0.376068778,0.259948988,0.082260743,9.57031,111.26,2.630274696,2.8665865247711,-3.36252396209107
"202","QAT","High income","Oil","Asia","Western Asia",2000,31.182,0,NA,17.47804207,30.52305008,90.0768,28.5,30.52305008,102.158860003417,-3.80138020433592
"203","QAT","High income","Oil","Asia","Western Asia",2001,23.7511,0,NA,18.34342168,26.32902135,89.051,24.44,26.32902135,90.2088219849463,-3.80138020433592
"204","QAT","High income","Oil","Asia","Western Asia",2002,25.659,0,NA,13.29712583,25.4748992,87.9355,25.02,25.4748992,100.722675283441,-3.80138020433592
"205","QAT","High income","Oil","Asia","Western Asia",2003,21.2181,0,NA,19.2231719,24.20467253,87.496,28.83,24.20467253,87.6611735758939,-3.80138020433592
"206","QAT","High income","Oil","Asia","Western Asia",2004,28.5649,0,NA,20.41626387,27.74958126,85.6788,38.27,27.74958126,102.938129885135,-3.80138020433592
"207","QAT","High income","Oil","Asia","Western Asia",2005,26.2211,0,NA,26.23817478,29.99252388,84.9831,54.52,29.99252388,87.4254534393656,-3.80138020433592
"208","QAT","High income","Oil","Asia","Western Asia",2006,23.2478,0,NA,20.70001376,27.5640281,88.8848,65.14,27.5640281,84.3410836604103,-3.80138020433592
"209","QAT","High income","Oil","Asia","Western Asia",2007,21.9829,0,NA,18.79499116,22.42061091,90.3632,72.39,22.42061091,98.0477297797235,-3.80138020433592
"210","QAT","High income","Oil","Asia","Western Asia",2008,19.863,0,NA,24.24133407,22.74581295,87.8394,97.26,24.24133407,81.9385597452805,-3.80138020433592
"211","QAT","High income","Oil","Asia","Western Asia",2009,21.6616,0,NA,14.57706332,13.52435665,85.7414,61.67,14.57706332,148.600575606198,-3.80138020433592
"212","QAT","High income","Oil","Asia","Western Asia",2010,19.1483,0,NA,14.01009215,14.62300129,86.5459,79.5,14.62300129,130.946442664234,-3.80138020433592
"213","QAT","High income","Oil","Asia","Western Asia",2011,18.1307,0,NA,14.22966878,14.35673776,86.6967,111.26,14.35673776,126.287045867166,-3.80138020433592
"214","RUS","High income","Oil","Europe","Eastern Europe",2000,6.30104,0.565004456,0.593798896,22.01061857,19.00684167,59.3208,28.5,22.01061857,28.6272736041511,1.71838996098021
"215","RUS","High income","Oil","Europe","Eastern Europe",2001,5.44545,0.213017063,1.144204249,17.33177094,13.78684172,60.2365,24.44,17.33177094,31.4188897306071,1.71838996098021
"216","RUS","High income","Oil","Europe","Eastern Europe",2002,5.03609,0.333659192,0.689944667,10.50782008,13.58567718,60.0758,25.02,13.58567718,37.0691128110553,1.71838996098021
"217","RUS","High income","Oil","Europe","Eastern Europe",2003,5.33186,0.514248713,0.572501482,16.20118232,14.67374532,61.4679,28.83,16.20118232,32.9103141652689,1.71838996098021
"218","RUS","High income","Oil","Europe","Eastern Europe",2004,7.80536,0.675818929,1.326877476,13.110431,16.1658149,62.4855,38.27,16.1658149,48.2831211929811,1.71838996098021
"219","RUS","High income","Oil","Europe","Eastern Europe",2005,12.7161,0.984779471,0.948927954,17.03353353,18.94772969,68.6183,54.52,18.94772969,67.1114703874583,1.71838996098021
"220","RUS","High income","Oil","Europe","Eastern Europe",2006,12.8495,1.499694116,0.75901686,12.65401446,18.10314314,71.1114,65.14,18.10314314,70.9793868425436,1.71838996098021
"221","RUS","High income","Oil","Europe","Eastern Europe",2007,10.6399,1.533043649,0.871075183,9.304866989,15.48423904,69.7891,72.39,15.48423904,68.7143874007256,1.71838996098021
"222","RUS","High income","Oil","Europe","Eastern Europe",2008,12.6184,1.410868756,1.576615322,11.2457626,16.79524014,71.1052,97.26,16.79524014,75.1308102463368,1.71838996098021
"223","RUS","High income","Oil","Europe","Eastern Europe",2009,8.90109,1.217872228,0.945572881,4.757299538,12.61643072,68.349,61.67,12.61643072,70.5515703889983,1.71838996098021
"224","RUS","High income","Oil","Europe","Eastern Europe",2010,9.80164,1.697183399,1.384948666,3.734352584,14.13346813,71.4177,79.5,14.13346813,69.3505649840808,1.71838996098021
"225","RUS","High income","Oil","Europe","Eastern Europe",2011,11.7268,1.696916141,1.443937817,3.164498286,15.42290733,72.2344,111.26,15.42290733,76.0349507980867,1.71838996098021
"226","TTO","High income","Gas","Latin America and the Caribbean","Caribbean",2000,6.5445,0,NA,21.38210582,12.71997524,62.5733,28.5,21.38210582,30.6073688676563,-0.571401549750754
"227","TTO","High income","Gas","Latin America and the Caribbean","Caribbean",2001,9.07252,0,NA,20.02636375,9.110073791,54.9672,24.44,20.02636375,45.3028823068292,-0.571401549750754
"228","TTO","High income","Gas","Latin America and the Caribbean","Caribbean",2002,5.56176,0,NA,16.15553605,10.4901233,57.9275,25.02,16.15553605,34.4263414274019,-0.571401549750754
"229","TTO","High income","Gas","Latin America and the Caribbean","Caribbean",2003,9.50271,0,NA,31.09846053,10.38802245,65.857,28.83,31.09846053,30.5568502043146,-0.571401549750754
"230","TTO","High income","Gas","Latin America and the Caribbean","Caribbean",2004,10.0391,0,NA,32.9216684,11.2979607,61.3326,38.27,32.9216684,30.4938980553003,-0.571401549750754
"231","TTO","High income","Gas","Latin America and the Caribbean","Caribbean",2005,16.0892,0,NA,46.5887654,15.5803479,67.365,54.52,46.5887654,34.5345060378011,-0.571401549750754
"232","TTO","High income","Gas","Latin America and the Caribbean","Caribbean",2006,21.7924,0,NA,47.26696596,16.3524674,71.1134,65.14,47.26696596,46.1049266805954,-0.571401549750754
"233","TTO","High income","Gas","Latin America and the Caribbean","Caribbean",2007,17.5493,0,NA,41.67924236,12.91554398,66.4573,72.39,41.67924236,42.1056118257136,-0.571401549750754
"234","TTO","High income","Gas","Latin America and the Caribbean","Caribbean",2008,21.6739,0,NA,47.62187022,13.00674401,68.6383,97.26,47.62187022,45.5124922643158,-0.571401549750754
"235","TTO","High income","Gas","Latin America and the Caribbean","Caribbean",2009,14.2503,0,NA,28.88994554,9.836183174,72.3008,61.67,28.88994554,49.3261573659581,-0.571401549750754
"236","TTO","High income","Gas","Latin America and the Caribbean","Caribbean",2010,17.3189,0,NA,25.45441942,11.2367885,61.5764,79.5,25.45441942,68.0388725990435,-0.571401549750754
"237","TTO","High income","Gas","Latin America and the Caribbean","Caribbean",2011,19.1147,0,NA,24.4794635,13.15798772,64.9571,111.26,24.4794635,78.0846361277485,-0.571401549750754
"238","TZA","Low income","Minerals","Africa","Easten Africa",2004,0.00174,1.184078509,0.013141417,0.136031909,NA,39.9917,38.27,1.184078509,0.146949715477017,-1.16502668680375
"239","TZA","Low income","Minerals","Africa","Easten Africa",2005,0.0687732,1.487741128,0.010386971,0.66993894,NA,40.4095,54.52,1.487741128,4.62265905712059,-1.16502668680375
"240","TZA","Low income","Minerals","Africa","Easten Africa",2006,0.10444,2.99671369,0.011324472,0.790407359,NA,41.2481,65.14,2.99671369,3.48515109563236,-1.16502668680375
"241","TZA","Low income","Minerals","Africa","Easten Africa",2007,0.143148,2.754668444,0.017717826,0.722842415,NA,33.5217,72.39,2.754668444,5.19656005468802,-1.16502668680375
"242","TZA","Low income","Minerals","Africa","Easten Africa",2008,0.155552,2.895079819,0.041313346,0.891675375,NA,32.0267,97.26,2.895079819,5.37297793930012,-1.16502668680375
"243","TZA","Low income","Minerals","Africa","Easten Africa",2009,0.10183,3.684867625,0.018530725,0.459491149,NA,37.9676,61.67,3.684867625,2.76346426420135,-1.16502668680375
"244","TZA","Low income","Minerals","Africa","Easten Africa",2010,0.172372,5.202365212,0.030356058,0.47267554,NA,45.0507,79.5,5.202365212,3.31333908666003,-1.16502668680375
"245","TZA","Low income","Minerals","Africa","Easten Africa",2011,0.236352,5.646251922,0.033680938,0.507169637,NA,43.6144,111.26,5.646251922,4.18599813230225,-1.16502668680375
"246","UZB","Lower middle income","Gas","Asia","Central Asia",2006,2.99228,7.972350994,0.170106284,76.32850286,8.331343782,28.4657,65.14,76.32850286,3.92026554678843,0.0233231548131642
"247","UZB","Lower middle income","Gas","Asia","Central Asia",2007,3.9317,7.037364402,0.212425873,59.57629729,6.393942843,29.6804,72.39,59.57629729,6.59943665324086,0.0233231548131642
"248","UZB","Lower middle income","Gas","Asia","Central Asia",2008,6.9741,7.57104318,0.383820639,73.55188454,6.82385162,49.891,97.26,73.55188454,9.48187805603709,0.0233231548131642
"249","UZB","Lower middle income","Gas","Asia","Central Asia",2009,3.58631,6.899294038,0.163763519,22.78364216,3.163902649,55.9738,61.67,22.78364216,15.7407229924647,0.0233231548131642
"250","UZB","Lower middle income","Gas","Asia","Central Asia",2010,4.61184,8.050767716,0.184381079,16.58894378,3.035134115,30.438,79.5,16.58894378,27.8006849692271,0.0233231548131642
"251","UZB","Lower middle income","Gas","Asia","Central Asia",2011,6.64001,9.294680387,0.194269654,15.08956301,3.307954991,37.7937,111.26,15.08956301,44.0039913389115,0.0233231548131642
"252","VEN","Upper middle income","Oil","Latin America and the Caribbean","South America",2000,19.1473,0.247136415,0,3.36429487,24.5830378,88.3883,28.5,24.5830378,77.8882583827781,-0.421163425504007
"253","VEN","Upper middle income","Oil","Latin America and the Caribbean","South America",2001,13.5673,0.2786504,0,2.868879966,19.23679722,86.4772,24.44,19.23679722,70.5278526609119,-0.421163425504007
"254","VEN","Upper middle income","Oil","Latin America and the Caribbean","South America",2002,14.5427,0.37378431,0,2.689750469,23.92732242,84.8322,25.02,23.92732242,60.7786351716658,-0.421163425504007
"255","VEN","Upper middle income","Oil","Latin America and the Caribbean","South America",2003,18.4676,0.543064407,0,4.532435377,27.85553474,85.2119,28.83,27.85553474,66.2977759083579,-0.421163425504007
"256","VEN","Upper middle income","Oil","Latin America and the Caribbean","South America",2004,17.212,0.595739193,0.093868434,3.610586763,35.39601738,85.3762,38.27,35.39601738,48.6269396220982,-0.421163425504007
"257","VEN","Upper middle income","Oil","Latin America and the Caribbean","South America",2005,18.3245,0.906425899,0.044465442,5.652490193,41.24505621,87.6555,54.52,41.24505621,44.4283550171455,-0.421163425504007
"258","VEN","Upper middle income","Oil","Latin America and the Caribbean","South America",2006,17.8785,1.036891876,0.040600545,4.119588907,39.529527,89.2737,65.14,39.529527,45.2282163659585,-0.421163425504007
"259","VEN","Upper middle income","Oil","Latin America and the Caribbean","South America",2007,16.2698,0.938479075,0.061306307,3.043238961,30.67968008,88.139,72.39,30.67968008,53.0311918428584,-0.421163425504007
"260","VEN","Upper middle income","Oil","Latin America and the Caribbean","South America",2008,15.5215,0.949160962,0.125732974,2.96877389,31.65288727,89.8904,97.26,31.65288727,49.0366008876258,-0.421163425504007
"261","VEN","Upper middle income","Oil","Latin America and the Caribbean","South America",2009,4.59465,0.494125411,0.028820682,1.248897915,17.30992957,90.2671,61.67,17.30992957,26.5434355548334,-0.421163425504007
"262","VEN","Upper middle income","Oil","Latin America and the Caribbean","South America",2010,10.5152,0.590462607,0.037707116,1.031870872,18.30369311,91.6617,79.5,18.30369311,57.4485156454855,-0.421163425504007
"263","VEN","Upper middle income","Oil","Latin America and the Caribbean","South America",2011,12.6232,0.954819744,0.051471121,1.460884278,29.97722984,91.6185,111.26,29.97722984,42.1092945124512,-0.421163425504007
"264","VNM","Lower middle income","Oil","Asia","Southeast Asia",2000,5.3287,0.050705024,0.177500813,0.519535783,9.277294207,27.0788,28.5,9.277294207,57.4380835737572,0.472448983154051
"265","VNM","Lower middle income","Oil","Asia","Southeast Asia",2001,5.46048,0.040069613,0.592820865,0.474985409,7.523932202,23.6757,24.44,7.523932202,72.5748166437292,0.472448983154051
"266","VNM","Lower middle income","Oil","Asia","Southeast Asia",2002,4.94809,0.042449421,0.416091712,0.67070477,7.104472267,21.8667,25.02,7.104472267,69.6475376923306,0.472448983154051
"267","VNM","Lower middle income","Oil","Asia","Southeast Asia",2003,5.83143,0.045186289,0.351163972,1.138862413,7.474254327,21.2477,28.83,7.474254327,78.0202244247234,0.472448983154051
"268","VNM","Lower middle income","Oil","Asia","Southeast Asia",2004,6.95212,0.092627609,2.001270061,2.019226449,10.62266483,24.3703,38.27,10.62266483,65.44610143743,0.472448983154051
"269","VNM","Lower middle income","Oil","Asia","Southeast Asia",2005,8.09629,0.163650379,1.734830802,3.230064199,12.36849479,26.4155,54.52,12.36849479,65.4589757077466,0.472448983154051
"270","VNM","Lower middle income","Oil","Asia","Southeast Asia",2006,8.83466,0.335785879,1.761771821,2.766141261,11.80768943,25.1279,65.14,11.80768943,74.8212429906365,0.472448983154051
"271","VNM","Lower middle income","Oil","Asia","Southeast Asia",2007,7.04883,0.38925878,2.534744224,2.306672162,10.63683922,21.5487,72.39,10.63683922,66.2680882375883,0.472448983154051
"272","VNM","Lower middle income","Oil","Asia","Southeast Asia",2008,6.15809,0.930372246,4.398199633,2.925485744,10.71933882,21.6696,97.26,10.71933882,57.4484126624519,0.472448983154051
"273","VNM","Lower middle income","Oil","Asia","Southeast Asia",2009,3.87352,0.318046026,2.210616423,1.348884252,6.45501078,17.0647,61.67,6.45501078,60.0079555560401,0.472448983154051
"274","VNM","Lower middle income","Oil","Asia","Southeast Asia",2010,3.71142,0.424213888,3.095560153,1.318937476,7.133016849,12.0474,79.5,7.133016849,52.0315608187623,0.472448983154051
"275","VNM","Lower middle income","Oil","Asia","Southeast Asia",2011,4.20936,0.569329054,3.38680199,1.139851826,7.840935637,12.1912,111.26,7.840935637,53.6844095510333,0.472448983154051
"276","YEM","Lower middle income","Oil","Asia","Western Asia",2000,28.3376,0,NA,NA,38.28194129,94.791,28.5,38.28194129,74.0234142916946,-0.271244451027722
"277","YEM","Lower middle income","Oil","Asia","Western Asia",2001,23.3844,0,NA,NA,30.91685408,93.1308,24.44,30.91685408,75.6364148159799,-0.271244451027722
"278","YEM","Lower middle income","Oil","Asia","Western Asia",2002,20.8331,0,NA,NA,29.05514768,91.8332,25.02,29.05514768,71.7019243180113,-0.271244451027722
"279","YEM","Lower middle income","Oil","Asia","Western Asia",2003,22.2248,0,NA,NA,30.84952621,90.6863,28.83,30.84952621,72.0425975060704,-0.271244451027722
"280","YEM","Lower middle income","Oil","Asia","Western Asia",2004,22.5911,0,NA,NA,33.27076682,91.5503,38.27,33.27076682,67.9007493942696,-0.271244451027722
"281","YEM","Lower middle income","Oil","Asia","Western Asia",2005,26.2476,0,NA,NA,39.71942441,91.6686,54.52,39.71942441,66.0825286113455,-0.271244451027722
"282","YEM","Lower middle income","Oil","Asia","Western Asia",2006,28.862,0,NA,NA,38.52485849,92.5681,65.14,38.52485849,74.9178611713571,-0.271244451027722
"283","YEM","Lower middle income","Oil","Asia","Western Asia",2007,22.571,0,NA,NA,32.71277196,91.8551,72.39,32.71277196,68.9975157947453,-0.271244451027722
"284","YEM","Lower middle income","Oil","Asia","Western Asia",2008,27.7831,0,NA,NA,33.41827195,92.7629,97.26,33.41827195,83.1374525935055,-0.271244451027722
"285","YEM","Lower middle income","Oil","Asia","Western Asia",2009,14.6051,0,NA,0.331044342,20.04660583,88.7138,61.67,20.04660583,72.8557249234845,-0.271244451027722
"286","YEM","Lower middle income","Oil","Asia","Western Asia",2010,16.434,0,NA,2.990099116,20.56683784,88.025,79.5,20.56683784,79.9053317182181,-0.271244451027722
"287","YEM","Lower middle income","Oil","Asia","Western Asia",2011,16.0572,0,NA,4.3914959,18.70816838,90.9735,111.26,18.70816838,85.8298881742265,-0.271244451027722
